date,F
15/07/2024,17.64
14/07/2024,17.67
13/07/2024,17.70
12/07/2024,17.73
11/07/2024,17.75
10/07/2024,17.63
09/07/2024,17.64
08/07/2024,17.65
07/07/2024,17.66
06/07/2024,17.68
05/07/2024,17.70
04/07/2024,17.72
03/07/2024,17.71
02/07/2024,17.73
01/07/2024,17.75
30/06/2024,17.79
29/06/2024,17.80
28/06/2024,17.77
27/06/2024,17.79
26/06/2024,17.82
25/06/2024,17.85
24/06/2024,17.87
23/06/2024,17.89
22/06/2024,17.90
21/06/2024,17.90
20/06/2024,17.90
19/06/2024,17.94
18/06/2024,17.92
17/06/2024,17.86
16/06/2024,17.87
15/06/2024,17.90
14/06/2024,17.91
13/06/2024,17.73
12/06/2024,17.74
11/06/2024,17.76
10/06/2024,17.76
09/06/2024,17.78
08/06/2024,17.80
07/06/2024,17.80
06/06/2024,17.82
05/06/2024,17.83
04/06/2024,17.85
03/06/2024,17.87
02/06/2024,17.88
01/06/2024,17.90
31/05/2024,17.92
30/05/2024,17.95
29/05/2024,17.91
28/05/2024,17.92
27/05/2024,17.94
26/05/2024,17.96
25/05/2024,17.98
24/05/2024,17.99
23/05/2024,18.00
22/05/2024,18.01
21/05/2024,18.03
20/05/2024,17.96
19/05/2024,17.88
18/05/2024,17.90
17/05/2024,17.92
16/05/2024,17.92
15/05/2024,17.93
14/05/2024,17.94
13/05/2024,17.93
12/05/2024,17.91
11/05/2024,17.93
10/05/2024,17.95
09/05/2024,17.96
08/05/2024,17.98
07/05/2024,18.00
06/05/2024,18.01
05/05/2024,18.02
04/05/2024,18.02
03/05/2024,17.98
02/05/2024,17.99
01/05/2024,17.99
30/04/2024,17.94
29/04/2024,17.95
28/04/2024,17.97
27/04/2024,17.99
26/04/2024,17.97
25/04/2024,17.98
24/04/2024,17.93
23/04/2024,17.93
22/04/2024,17.94
21/04/2024,17.95
20/04/2024,17.97
19/04/2024,17.98
18/04/2024,17.99
17/04/2024,18.01
16/04/2024,18.02
15/04/2024,18.03
14/04/2024,18.04
13/04/2024,18.05
12/04/2024,18.07
11/04/2024,18.08
10/04/2024,18.09
09/04/2024,18.10
08/04/2024,18.10
07/04/2024,18.09
06/04/2024,18.09
05/04/2024,18.11
04/04/2024,18.12
03/04/2024,18.13
02/04/2024,18.13
01/04/2024,18.13
31/03/2024,18.12
30/03/2024,18.12
29/03/2024,18.13
28/03/2024,18.09
27/03/2024,18.09
26/03/2024,18.07
25/03/2024,18.04
24/03/2024,18.04
23/03/2024,18.04
22/03/2024,18.06
21/03/2024,18.09
20/03/2024,18.09
19/03/2024,18.10
18/03/2024,18.11
17/03/2024,18.12
16/03/2024,18.12
15/03/2024,18.14
14/03/2024,18.15
13/03/2024,18.16
12/03/2024,18.17
11/03/2024,18.19
10/03/2024,18.19
09/03/2024,18.17
08/03/2024,18.16
07/03/2024,18.18
06/03/2024,18.19
05/03/2024,18.20
04/03/2024,18.22
03/03/2024,18.24
02/03/2024,18.25
01/03/2024,18.19
29/02/2024,18.17
28/02/2024,18.17
27/02/2024,18.20
26/02/2024,18.20
25/02/2024,18.19
24/02/2024,18.11
23/02/2024,18.11
22/02/2024,18.08
21/02/2024,18.07
20/02/2024,18.08
19/02/2024,18.09
18/02/2024,18.09
17/02/2024,18.10
16/02/2024,18.12
15/02/2024,18.13
14/02/2024,18.14
13/02/2024,18.16
12/02/2024,18.16
11/02/2024,18.12
10/02/2024,18.12
09/02/2024,18.01
08/02/2024,18.00
07/02/2024,17.99
06/02/2024,17.96
05/02/2024,17.96
04/02/2024,17.97
03/02/2024,17.97
02/02/2024,17.98
01/02/2024,17.98
31/01/2024,17.99
30/01/2024,18.00
29/01/2024,18.01
28/01/2024,18.02
27/01/2024,18.02
26/01/2024,18.03
25/01/2024,18.04
24/01/2024,18.05
23/01/2024,18.06
22/01/2024,18.07
21/01/2024,18.01
20/01/2024,18.02
19/01/2024,18.04
18/01/2024,18.05
17/01/2024,18.04
16/01/2024,18.04
15/01/2024,18.03
14/01/2024,18.02
13/01/2024,18.03
12/01/2024,18.03
11/01/2024,18.04
10/01/2024,18.05
09/01/2024,18.05
08/01/2024,18.15
07/01/2024,18.19
06/01/2024,18.12
05/01/2024,18.15
08/12/2023,18.07
07/12/2023,18.07
06/12/2023,18.01
05/12/2023,18.02
04/12/2023,18.02
03/12/2023,17.99
02/12/2023,18.01
01/12/2023,18.02
30/11/2023,18.02
29/11/2023,17.99
28/11/2023,17.95
27/11/2023,17.93
26/11/2023,17.91
25/11/2023,17.92
24/11/2023,17.93
23/11/2023,17.93
22/11/2023,17.95
21/11/2023,17.96
20/11/2023,17.96
19/11/2023,17.96
18/11/2023,17.97
17/11/2023,17.98
16/11/2023,18.00
15/11/2023,17.99
14/11/2023,18.00
13/11/2023,17.94
12/11/2023,17.92
11/11/2023,17.92
10/11/2023,17.89
09/11/2023,17.87
08/11/2023,17.82
07/11/2023,17.81
06/11/2023,17.76
05/11/2023,17.72
04/11/2023,17.67
03/11/2023,17.51
02/11/2023,17.42
01/11/2023,17.35
31/10/2023,17.27
30/10/2023,17.22
29/10/2023,17.14
28/10/2023,17.03
27/10/2023,16.98
26/10/2023,16.88
25/10/2023,16.82
24/10/2023,16.80
23/10/2023,16.78
22/10/2023,16.77
21/10/2023,16.74
20/10/2023,16.72
19/10/2023,16.70
18/10/2023,16.69
17/10/2023,16.69
16/10/2023,16.69
15/10/2023,16.69
14/10/2023,16.70
13/10/2023,16.70
12/10/2023,16.70
11/10/2023,16.70
10/10/2023,16.71
09/10/2023,16.71
08/10/2023,16.71
07/10/2023,16.72
06/10/2023,16.72
05/10/2023,16.73
04/10/2023,16.73
03/10/2023,16.74
02/10/2023,16.74
01/10/2023,16.74
30/09/2023,16.75
29/09/2023,16.75
28/09/2023,16.76
27/09/2023,16.76
26/09/2023,16.77
25/09/2023,16.77
24/09/2023,16.77
23/09/2023,16.77
22/09/2023,16.77
21/09/2023,16.75
20/09/2023,16.73
19/09/2023,16.73
18/09/2023,16.73
17/09/2023,16.73
16/09/2023,16.72
15/09/2023,16.72
14/09/2023,16.71
13/09/2023,16.71
12/09/2023,16.71
11/09/2023,16.71
10/09/2023,16.71
09/09/2023,16.72
08/09/2023,16.72
07/09/2023,16.72
06/09/2023,16.73
05/09/2023,16.73
04/09/2023,16.74
03/09/2023,16.74
02/09/2023,16.75
01/09/2023,16.74
31/08/2023,16.74
30/08/2023,16.75
29/08/2023,16.75
28/08/2023,16.76
27/08/2023,16.76
26/08/2023,16.76
25/08/2023,16.77
24/08/2023,16.78
23/08/2023,16.78
22/08/2023,16.78
21/08/2023,16.79
20/08/2023,16.80
19/08/2023,16.80
18/08/2023,16.81
17/08/2023,16.82
16/08/2023,16.82
15/08/2023,16.83
14/08/2023,16.83
13/08/2023,16.84
12/08/2023,16.84
11/08/2023,16.85
10/08/2023,16.85
09/08/2023,16.91
08/08/2023,16.91
07/08/2023,16.92
06/08/2023,16.92
05/08/2023,16.93
04/08/2023,16.93
03/08/2023,16.94
02/08/2023,16.94
01/08/2023,16.94
31/07/2023,16.94
30/07/2023,16.95
29/07/2023,16.95
28/07/2023,16.96
27/07/2023,16.97
26/07/2023,16.97
25/07/2023,16.98
24/07/2023,16.99
23/07/2023,17.00
22/07/2023,17.01
21/07/2023,17.02
20/07/2023,17.02
19/07/2023,17.03
18/07/2023,17.04
17/07/2023,17.05
16/07/2023,17.06
15/07/2023,17.07
14/07/2023,17.08
13/07/2023,17.09
12/07/2023,17.10
11/07/2023,17.11
10/07/2023,17.12
09/07/2023,17.13
08/07/2023,17.15
07/07/2023,17.16
06/07/2023,17.17
05/07/2023,17.18
04/07/2023,17.19
03/07/2023,17.20
02/07/2023,17.21
01/07/2023,17.22
30/06/2023,17.23
29/06/2023,17.25
28/06/2023,17.26
27/06/2023,17.28
26/06/2023,17.30
25/06/2023,17.32
24/06/2023,17.34
23/06/2023,17.36
22/06/2023,17.37
21/06/2023,17.22
20/06/2023,17.21
19/06/2023,17.21
18/06/2023,17.22
17/06/2023,17.23
16/06/2023,17.24
15/06/2023,17.25
14/06/2023,17.27
13/06/2023,17.28
12/06/2023,17.28
11/06/2023,17.30
10/06/2023,17.31
09/06/2023,17.33
08/06/2023,17.33
07/06/2023,17.34
06/06/2023,17.35
05/06/2023,17.37
04/06/2023,17.37
03/06/2023,17.39
02/06/2023,17.41
01/06/2023,17.41
31/05/2023,17.42
30/05/2023,17.43
29/05/2023,17.45
28/05/2023,17.46
27/05/2023,17.48
26/05/2023,17.49
25/05/2023,17.50
24/05/2023,17.51
23/05/2023,17.52
22/05/2023,17.54
21/05/2023,17.54
20/05/2023,17.54
19/05/2023,17.55
18/05/2023,17.56
17/05/2023,17.57
16/05/2023,17.59
15/05/2023,17.60
14/05/2023,17.62
13/05/2023,17.62
12/05/2023,17.64
11/05/2023,17.66
10/05/2023,17.66
09/05/2023,17.68
08/05/2023,17.61
07/05/2023,17.62
06/05/2023,17.63
05/05/2023,17.65
04/05/2023,17.64
03/05/2023,17.66
02/05/2023,17.66
01/05/2023,17.68
30/04/2023,17.69
29/04/2023,17.70
28/04/2023,17.71
27/04/2023,17.73
26/04/2023,17.74
25/04/2023,17.72
24/04/2023,17.71
23/04/2023,17.73
22/04/2023,17.74
21/04/2023,17.75
20/04/2023,17.76
19/04/2023,17.78
18/04/2023,17.79
17/04/2023,17.81
16/04/2023,17.82
15/04/2023,17.85
14/04/2023,17.85
13/04/2023,17.80
12/04/2023,17.76
11/04/2023,17.75
10/04/2023,17.76
09/04/2023,17.77
08/04/2023,17.78
07/04/2023,17.79
06/04/2023,17.80
05/04/2023,17.81
04/04/2023,17.83
03/04/2023,17.84
02/04/2023,17.85
01/04/2023,17.86
31/03/2023,17.87
30/03/2023,17.88
29/03/2023,17.89
28/03/2023,17.90
27/03/2023,17.91
26/03/2023,17.92
25/03/2023,17.93
24/03/2023,17.94
23/03/2023,17.90
22/03/2023,17.90
21/03/2023,17.90
20/03/2023,17.91
19/03/2023,17.92
18/03/2023,17.93
17/03/2023,17.94
16/03/2023,17.95
15/03/2023,17.96
14/03/2023,17.96
13/03/2023,17.94
12/03/2023,17.95
11/03/2023,17.96
10/03/2023,17.92
09/03/2023,17.85
08/03/2023,17.85
07/03/2023,17.77
06/03/2023,17.76
05/03/2023,17.77
04/03/2023,17.77
03/03/2023,17.78
02/03/2023,17.79
01/03/2023,17.80
28/02/2023,17.81
27/02/2023,17.82
26/02/2023,17.84
25/02/2023,17.86
24/02/2023,17.86
23/02/2023,17.76
22/02/2023,17.68
21/02/2023,17.67
20/02/2023,17.67
19/02/2023,17.67
18/02/2023,17.68
17/02/2023,17.68
16/02/2023,17.68
15/02/2023,17.69
14/02/2023,17.70
13/02/2023,17.70
12/02/2023,17.70
11/02/2023,17.70
10/02/2023,17.71
09/02/2023,17.72
08/02/2023,17.73
07/02/2023,17.73
06/02/2023,17.74
05/02/2023,17.74
04/02/2023,17.75
03/02/2023,17.75
02/02/2023,17.76
01/02/2023,17.77
31/01/2023,17.78
30/01/2023,17.78
29/01/2023,17.79
28/01/2023,17.91
27/01/2023,17.88
26/01/2023,17.97
25/01/2023,18.05
24/01/2023,18.04
23/01/2023,18.21
22/01/2023,18.30
21/01/2023,18.26
20/01/2023,18.20
19/01/2023,18.02
18/01/2023,17.93
17/01/2023,17.58
16/01/2023,17.54
15/01/2023,17.68
14/01/2023,17.71
13/01/2023,17.71
12/01/2023,17.63
11/01/2023,17.63
10/01/2023,17.61
09/01/2023,17.61
08/01/2023,17.39
07/01/2023,17.36
06/01/2023,17.40
05/01/2023,17.41
04/01/2023,17.59
03/01/2023,17.63
02/01/2023,17.55
01/01/2023,17.35
31/12/2022,17.29
30/12/2022,17.30
29/12/2022,17.31
28/12/2022,17.46
27/12/2022,17.60
26/12/2022,17.53
25/12/2022,17.32
24/12/2022,17.28
23/12/2022,17.23
22/12/2022,17.15
21/12/2022,17.15
20/12/2022,17.12
19/12/2022,17.11
18/12/2022,17.11
17/12/2022,17.07
16/12/2022,17.06
15/12/2022,17.06
14/12/2022,17.04
13/12/2022,17.04
12/12/2022,17.03
11/12/2022,17.02
10/12/2022,17.06
09/12/2022,17.06
08/12/2022,17.06
07/12/2022,17.06
06/12/2022,17.06
05/12/2022,17.05
04/12/2022,17.05
03/12/2022,17.05
02/12/2022,17.04
01/12/2022,17.03
30/11/2022,17.03
29/11/2022,17.02
28/11/2022,17.00
27/11/2022,16.98
26/11/2022,16.97
25/11/2022,16.96
24/11/2022,16.95
23/11/2022,16.92
22/11/2022,16.85
21/11/2022,16.82
20/11/2022,16.79
19/11/2022,16.77
18/11/2022,16.73
17/11/2022,16.70
16/11/2022,16.67
15/11/2022,16.65
14/11/2022,16.65
13/11/2022,16.65
12/11/2022,16.65
11/11/2022,16.65
10/11/2022,16.65
09/11/2022,16.66
08/11/2022,16.66
07/11/2022,16.66
06/11/2022,16.66
05/11/2022,16.66
04/11/2022,16.66
03/11/2022,16.66
02/11/2022,16.66
01/11/2022,16.66
31/10/2022,16.66
30/10/2022,16.66
29/10/2022,16.66
28/10/2022,16.66
27/10/2022,16.66
26/10/2022,16.67
25/10/2022,16.67
24/10/2022,16.67
23/10/2022,16.67
22/10/2022,16.67
21/10/2022,16.68
20/10/2022,16.68
19/10/2022,16.68
18/10/2022,16.68
17/10/2022,16.68
16/10/2022,16.68
15/10/2022,16.68
14/10/2022,16.68
13/10/2022,16.68
12/10/2022,16.68
11/10/2022,16.68
10/10/2022,16.68
09/10/2022,16.69
08/10/2022,16.69
07/10/2022,16.69
06/10/2022,16.69
05/10/2022,16.70
04/10/2022,16.70
03/10/2022,16.70
02/10/2022,16.70
01/10/2022,16.70
30/09/2022,16.70
29/09/2022,16.71
28/09/2022,16.71
27/09/2022,16.71
26/09/2022,16.71
25/09/2022,16.71
24/09/2022,16.72
23/09/2022,16.70
22/09/2022,16.70
21/09/2022,16.70
20/09/2022,16.71
19/09/2022,16.71
18/09/2022,16.72
17/09/2022,16.72
16/09/2022,16.72
15/09/2022,16.73
14/09/2022,16.73
13/09/2022,16.73
12/09/2022,16.73
11/09/2022,16.74
10/09/2022,16.74
09/09/2022,16.74
08/09/2022,16.75
07/09/2022,16.75
06/09/2022,16.75
05/09/2022,16.75
04/09/2022,16.76
03/09/2022,16.76
02/09/2022,16.76
01/09/2022,16.76
31/08/2022,16.77
30/08/2022,16.77
29/08/2022,16.77
28/08/2022,16.77
27/08/2022,16.78
26/08/2022,16.78
25/08/2022,16.78
24/08/2022,16.78
23/08/2022,16.78
22/08/2022,16.79
21/08/2022,16.79
20/08/2022,16.79
19/08/2022,16.79
18/08/2022,16.80
17/08/2022,16.80
16/08/2022,16.80
15/08/2022,16.81
14/08/2022,16.82
13/08/2022,16.82
12/08/2022,16.83
11/08/2022,16.83
10/08/2022,16.83
09/08/2022,16.84
08/08/2022,16.85
07/08/2022,16.86
06/08/2022,16.86
05/08/2022,16.87
04/08/2022,16.88
03/08/2022,16.88
02/08/2022,16.89
01/08/2022,16.90
31/07/2022,16.90
30/07/2022,16.90
29/07/2022,16.91
28/07/2022,16.92
27/07/2022,16.93
26/07/2022,16.94
25/07/2022,16.94
24/07/2022,16.95
23/07/2022,16.96
22/07/2022,16.96
21/07/2022,16.97
20/07/2022,16.98
19/07/2022,17.00
18/07/2022,17.01
17/07/2022,17.01
16/07/2022,17.03
15/07/2022,17.04
14/07/2022,17.05
13/07/2022,17.06
12/07/2022,17.08
11/07/2022,17.09
10/07/2022,17.10
09/07/2022,17.11
08/07/2022,17.12
07/07/2022,17.13
06/07/2022,17.15
05/07/2022,17.16
04/07/2022,17.17
03/07/2022,17.19
02/07/2022,17.20
01/07/2022,17.22
30/06/2022,17.23
29/06/2022,17.24
28/06/2022,17.25
27/06/2022,17.27
26/06/2022,17.28
25/06/2022,17.29
24/06/2022,17.26
23/06/2022,17.27
22/06/2022,17.27
21/06/2022,17.20
20/06/2022,17.19
19/06/2022,17.14
18/06/2022,17.15
17/06/2022,17.17
16/06/2022,17.18
15/06/2022,17.20
14/06/2022,17.21
13/06/2022,17.22
12/06/2022,17.24
11/06/2022,17.24
10/06/2022,17.26
09/06/2022,17.27
08/06/2022,17.29
07/06/2022,17.27
06/06/2022,17.28
05/06/2022,17.29
04/06/2022,17.30
03/06/2022,17.32
02/06/2022,17.31
01/06/2022,17.31
31/05/2022,17.33
30/05/2022,17.35
29/05/2022,17.36
28/05/2022,17.38
27/05/2022,17.39
26/05/2022,17.41
25/05/2022,17.43
24/05/2022,17.46
23/05/2022,17.47
22/05/2022,17.38
21/05/2022,17.39
20/05/2022,17.40
19/05/2022,17.41
18/05/2022,17.42
17/05/2022,17.44
16/05/2022,17.45
15/05/2022,17.46
14/05/2022,17.48
13/05/2022,17.49
12/05/2022,17.50
11/05/2022,17.51
10/05/2022,17.52
09/05/2022,17.54
08/05/2022,17.55
07/05/2022,17.56
06/05/2022,17.58
05/05/2022,17.59
04/05/2022,17.60
03/05/2022,17.63
02/05/2022,17.65
01/05/2022,17.66
30/04/2022,17.67
29/04/2022,17.69
28/04/2022,17.70
27/04/2022,17.70
26/04/2022,17.71
25/04/2022,17.73
24/04/2022,17.74
23/04/2022,17.75
22/04/2022,17.61
21/04/2022,17.61
20/04/2022,17.61
19/04/2022,17.50
18/04/2022,17.50
17/04/2022,17.51
16/04/2022,17.51
15/04/2022,17.53
14/04/2022,17.55
13/04/2022,17.56
12/04/2022,17.58
11/04/2022,17.60
10/04/2022,17.60
09/04/2022,17.62
08/04/2022,17.64
07/04/2022,17.57
06/04/2022,17.50
05/04/2022,17.50
04/04/2022,17.51
03/04/2022,17.51
02/04/2022,17.52
01/04/2022,17.53
31/03/2022,17.55
30/03/2022,17.56
29/03/2022,17.57
28/03/2022,17.57
27/03/2022,17.58
26/03/2022,17.59
25/03/2022,17.61
24/03/2022,17.62
23/03/2022,17.63
22/03/2022,17.65
21/03/2022,17.66
20/03/2022,17.68
19/03/2022,17.68
18/03/2022,17.70
17/03/2022,17.71
16/03/2022,17.72
15/03/2022,17.73
14/03/2022,17.74
13/03/2022,17.74
12/03/2022,17.67
11/03/2022,17.66
10/03/2022,17.60
09/03/2022,17.60
08/03/2022,17.60
07/03/2022,17.61
06/03/2022,17.62
05/03/2022,17.63
04/03/2022,17.64
03/03/2022,17.63
02/03/2022,17.62
01/03/2022,17.63
28/02/2022,17.63
27/02/2022,17.65
26/02/2022,17.65
25/02/2022,17.64
24/02/2022,17.66
23/02/2022,17.68
22/02/2022,17.68
21/02/2022,17.70
20/02/2022,17.70
19/02/2022,17.70
18/02/2022,17.70
17/02/2022,17.69
16/02/2022,17.67
15/02/2022,17.57
14/02/2022,17.54
13/02/2022,17.55
12/02/2022,17.55
11/02/2022,17.55
10/02/2022,17.55
09/02/2022,17.56
08/02/2022,17.57
07/02/2022,17.57
06/02/2022,17.57
05/02/2022,17.58
04/02/2022,17.59
03/02/2022,17.60
02/02/2022,17.60
01/02/2022,17.59
31/01/2022,17.60
30/01/2022,17.59
29/01/2022,17.59
28/01/2022,17.59
27/01/2022,17.60
26/01/2022,17.62
25/01/2022,17.62
24/01/2022,17.63
23/01/2022,17.64
22/01/2022,17.64
21/01/2022,17.65
20/01/2022,17.66
19/01/2022,17.65
18/01/2022,17.65
17/01/2022,17.65
16/01/2022,17.66
15/01/2022,17.67
14/01/2022,17.67
13/01/2022,17.68
12/01/2022,17.69
11/01/2022,17.69
10/01/2022,17.69
09/01/2022,17.66
08/01/2022,17.62
07/01/2022,17.58
06/01/2022,17.57
05/01/2022,17.59
04/01/2022,17.60
03/01/2022,17.59
02/01/2022,17.59
01/01/2022,17.59
31/12/2021,17.60
30/12/2021,17.60
29/12/2021,17.60
28/12/2021,17.59
27/12/2021,17.54
26/12/2021,17.45
25/12/2021,17.44
24/12/2021,17.44
23/12/2021,17.44
22/12/2021,17.44
21/12/2021,17.44
20/12/2021,17.44
19/12/2021,17.44
18/12/2021,17.44
17/12/2021,17.44
16/12/2021,17.44
15/12/2021,17.44
14/12/2021,17.44
13/12/2021,17.44
12/12/2021,17.44
11/12/2021,17.42
10/12/2021,17.41
09/12/2021,17.35
08/12/2021,17.30
07/12/2021,17.25
06/12/2021,17.19
05/12/2021,17.16
04/12/2021,17.11
03/12/2021,17.06
02/12/2021,17.03
01/12/2021,17.01
30/11/2021,17.00
29/11/2021,16.99
28/11/2021,16.99
27/11/2021,16.98
26/11/2021,16.96
25/11/2021,16.95
24/11/2021,16.94
23/11/2021,16.94
22/11/2021,16.95
21/11/2021,16.95
20/11/2021,16.95
19/11/2021,16.95
18/11/2021,16.95
17/11/2021,16.96
16/11/2021,16.96
15/11/2021,16.96
14/11/2021,16.97
13/11/2021,16.97
12/11/2021,16.97
11/11/2021,16.97
10/11/2021,16.98
09/11/2021,16.98
08/11/2021,16.98
07/11/2021,16.98
06/11/2021,16.98
05/11/2021,16.97
04/11/2021,16.97
03/11/2021,16.97
02/11/2021,16.95
01/11/2021,16.93
31/10/2021,16.91
30/10/2021,16.92
29/10/2021,16.92
28/10/2021,16.92
27/10/2021,16.92
26/10/2021,16.93
25/10/2021,16.93
24/10/2021,16.92
23/10/2021,16.92
22/10/2021,16.94
21/10/2021,16.93
20/10/2021,16.93
19/10/2021,16.94
18/10/2021,16.94
17/10/2021,16.95
16/10/2021,16.95
15/10/2021,16.96
14/10/2021,16.95
13/10/2021,16.96
12/10/2021,16.96
11/10/2021,16.96
10/10/2021,16.97
09/10/2021,16.97
08/10/2021,16.98
07/10/2021,16.98
06/10/2021,16.98
05/10/2021,16.99
04/10/2021,16.99
03/10/2021,16.99
02/10/2021,16.98
01/10/2021,16.98
30/09/2021,16.99
29/09/2021,16.99
28/09/2021,16.99
27/09/2021,16.99
26/09/2021,16.99
25/09/2021,16.98
24/09/2021,16.99
23/09/2021,16.99
22/09/2021,17.00
21/09/2021,17.00
20/09/2021,17.01
19/09/2021,17.01
18/09/2021,17.00
17/09/2021,17.01
16/09/2021,17.01
15/09/2021,17.02
14/09/2021,17.02
13/09/2021,17.03
12/09/2021,17.04
11/09/2021,17.04
10/09/2021,17.05
09/09/2021,17.05
08/09/2021,17.06
07/09/2021,17.07
06/09/2021,17.07
05/09/2021,17.08
04/09/2021,17.09
03/09/2021,17.10
02/09/2021,17.11
01/09/2021,17.12
31/08/2021,17.13
30/08/2021,17.14
29/08/2021,17.15
28/08/2021,17.16
27/08/2021,17.17
26/08/2021,17.18
25/08/2021,17.19
24/08/2021,17.20
23/08/2021,17.21
22/08/2021,17.22
21/08/2021,17.24
20/08/2021,17.25
19/08/2021,17.26
18/08/2021,17.26
17/08/2021,17.27
16/08/2021,17.28
15/08/2021,17.30
14/08/2021,17.31
13/08/2021,17.32
12/08/2021,17.33
11/08/2021,17.35
10/08/2021,17.36
09/08/2021,17.38
08/08/2021,17.40
07/08/2021,17.42
06/08/2021,17.43
05/08/2021,17.44
04/08/2021,17.44
03/08/2021,17.36
02/08/2021,17.37
01/08/2021,17.39
31/07/2021,17.39
30/07/2021,17.35
29/07/2021,17.36
28/07/2021,17.38
27/07/2021,17.39
26/07/2021,17.42
25/07/2021,17.45
24/07/2021,17.39
23/07/2021,17.40
22/07/2021,17.41
21/07/2021,17.43
20/07/2021,17.45
19/07/2021,17.47
18/07/2021,17.48
17/07/2021,17.50
16/07/2021,17.52
15/07/2021,17.55
14/07/2021,17.57
13/07/2021,17.58
12/07/2021,17.55
11/07/2021,17.54
10/07/2021,17.56
09/07/2021,17.57
08/07/2021,17.59
07/07/2021,17.59
06/07/2021,17.62
05/07/2021,17.65
04/07/2021,17.66
03/07/2021,17.67
02/07/2021,17.69
01/07/2021,17.71
30/06/2021,17.73
29/06/2021,17.75
28/06/2021,17.74
27/06/2021,17.59
26/06/2021,17.61
25/06/2021,17.63
24/06/2021,17.66
23/06/2021,17.68
22/06/2021,17.69
21/06/2021,17.62
20/06/2021,17.65
19/06/2021,17.65
18/06/2021,17.63
17/06/2021,17.59
16/06/2021,17.47
15/06/2021,17.45
14/06/2021,17.46
13/06/2021,17.48
12/06/2021,17.49
11/06/2021,17.51
10/06/2021,17.52
09/06/2021,17.53
08/06/2021,17.55
07/06/2021,17.57
06/06/2021,17.60
05/06/2021,17.63
04/06/2021,17.65
03/06/2021,17.61
02/06/2021,17.60
01/06/2021,17.59
31/05/2021,17.61
30/05/2021,17.63
29/05/2021,17.64
28/05/2021,17.65
27/05/2021,17.67
26/05/2021,17.69
25/05/2021,17.70
24/05/2021,17.72
23/05/2021,17.73
22/05/2021,17.76
21/05/2021,17.77
20/05/2021,17.77
19/05/2021,17.79
18/05/2021,17.80
17/05/2021,17.79
16/05/2021,17.81
15/05/2021,17.79
14/05/2021,17.71
13/05/2021,17.69
12/05/2021,17.66
11/05/2021,17.67
10/05/2021,17.69
09/05/2021,17.67
08/05/2021,17.62
07/05/2021,17.63
06/05/2021,17.60
05/05/2021,17.56
04/05/2021,17.55
03/05/2021,17.54
02/05/2021,17.55
01/05/2021,17.57
30/04/2021,17.58
29/04/2021,17.58
28/04/2021,17.60
27/04/2021,17.61
26/04/2021,17.61
25/04/2021,17.61
24/04/2021,17.62
23/04/2021,17.63
22/04/2021,17.64
21/04/2021,17.65
20/04/2021,17.66
19/04/2021,17.67
18/04/2021,17.67
17/04/2021,17.68
16/04/2021,17.69
15/04/2021,17.71
14/04/2021,17.73
13/04/2021,17.74
12/04/2021,17.76
11/04/2021,17.79
10/04/2021,17.73
09/04/2021,17.73
08/04/2021,17.74
07/04/2021,17.75
06/04/2021,17.76
05/04/2021,17.77
04/04/2021,17.78
03/04/2021,17.80
02/04/2021,17.81
01/04/2021,17.82
31/03/2021,17.83
30/03/2021,17.84
29/03/2021,17.85
28/03/2021,17.86
27/03/2021,17.87
26/03/2021,17.88
25/03/2021,17.88
24/03/2021,17.89
23/03/2021,17.90
22/03/2021,17.91
21/03/2021,17.92
20/03/2021,17.93
19/03/2021,17.95
18/03/2021,17.96
17/03/2021,17.97
16/03/2021,17.98
15/03/2021,18.00
14/03/2021,18.01
13/03/2021,18.00
12/03/2021,17.96
11/03/2021,17.96
10/03/2021,17.94
09/03/2021,17.95
08/03/2021,17.96
07/03/2021,17.96
06/03/2021,17.97
05/03/2021,17.98
04/03/2021,17.99
03/03/2021,18.00
02/03/2021,18.01
01/03/2021,18.02
28/02/2021,18.03
27/02/2021,18.04
26/02/2021,18.05
25/02/2021,18.06
24/02/2021,18.07
23/02/2021,18.07
22/02/2021,18.09
21/02/2021,18.10
20/02/2021,18.11
19/02/2021,18.12
18/02/2021,18.13
17/02/2021,18.13
16/02/2021,18.15
15/02/2021,18.16
14/02/2021,18.17
13/02/2021,18.20
12/02/2021,18.21
11/02/2021,18.18
10/02/2021,18.20
09/02/2021,18.20
08/02/2021,18.20
07/02/2021,18.18
06/02/2021,18.18
05/02/2021,18.16
04/02/2021,18.15
03/02/2021,18.16
02/02/2021,18.15
01/02/2021,18.14
31/01/2021,18.13
30/01/2021,18.10
29/01/2021,18.07
28/01/2021,18.07
27/01/2021,18.07
26/01/2021,18.05
25/01/2021,18.06
24/01/2021,18.06
23/01/2021,18.07
22/01/2021,18.05
21/01/2021,18.04
20/01/2021,18.02
19/01/2021,18.02
18/01/2021,18.03
17/01/2021,18.04
16/01/2021,18.03
15/01/2021,18.04
14/01/2021,18.05
13/01/2021,18.04
12/01/2021,18.04
11/01/2021,18.05
10/01/2021,18.06
09/01/2021,18.07
08/01/2021,18.08
07/01/2021,18.09
06/01/2021,18.10
05/01/2021,18.12
04/01/2021,18.13
03/01/2021,18.13
02/01/2021,18.13
01/01/2021,18.13
31/12/2020,18.12
30/12/2020,18.08
29/12/2020,18.05
28/12/2020,18.03
27/12/2020,18.02
26/12/2020,17.93
25/12/2020,17.94
24/12/2020,17.95
23/12/2020,17.95
22/12/2020,17.96
21/12/2020,17.96
20/12/2020,17.95
19/12/2020,17.92
18/12/2020,17.92
17/12/2020,17.93
16/12/2020,17.93
15/12/2020,17.94
14/12/2020,17.93
13/12/2020,17.90
12/12/2020,17.90
11/12/2020,17.90
10/12/2020,17.85
09/12/2020,17.77
08/12/2020,17.76
07/12/2020,17.76
06/12/2020,17.70
05/12/2020,17.68
04/12/2020,17.62
03/12/2020,17.57
02/12/2020,17.40
01/12/2020,17.41
30/11/2020,17.41
29/11/2020,17.42
28/11/2020,17.43
27/11/2020,17.43
26/11/2020,17.43
25/11/2020,17.45
24/11/2020,17.45
23/11/2020,17.45
22/11/2020,17.46
21/11/2020,17.46
20/11/2020,17.47
19/11/2020,17.48
18/11/2020,17.50
17/11/2020,17.50
16/11/2020,17.50
15/11/2020,17.50
14/11/2020,17.45
13/11/2020,17.45
12/11/2020,17.46
11/11/2020,17.47
10/11/2020,17.47
09/11/2020,17.48
08/11/2020,17.49
07/11/2020,17.50
06/11/2020,17.50
05/11/2020,17.51
04/11/2020,17.52
03/11/2020,17.53
02/11/2020,17.54
01/11/2020,17.54
31/10/2020,17.55
30/10/2020,17.55
29/10/2020,17.56
28/10/2020,17.56
27/10/2020,17.55
26/10/2020,17.49
25/10/2020,17.47
24/10/2020,17.41
23/10/2020,17.41
22/10/2020,17.42
21/10/2020,17.43
20/10/2020,17.42
19/10/2020,17.42
18/10/2020,17.42
17/10/2020,17.43
16/10/2020,17.44
15/10/2020,17.45
14/10/2020,17.45
13/10/2020,17.43
12/10/2020,17.42
11/10/2020,17.42
10/10/2020,17.43
09/10/2020,17.43
08/10/2020,17.43
07/10/2020,17.43
06/10/2020,17.43
05/10/2020,17.37
04/10/2020,17.35
03/10/2020,17.28
02/10/2020,17.20
01/10/2020,17.14
30/09/2020,17.12
29/09/2020,17.12
28/09/2020,17.12
27/09/2020,17.13
26/09/2020,17.12
25/09/2020,17.08
24/09/2020,17.04
23/09/2020,17.04
22/09/2020,17.04
21/09/2020,17.04
20/09/2020,17.05
19/09/2020,17.06
18/09/2020,17.06
17/09/2020,17.07
16/09/2020,17.07
15/09/2020,17.08
14/09/2020,17.09
13/09/2020,17.10
12/09/2020,17.11
11/09/2020,17.12
10/09/2020,17.12
09/09/2020,17.13
08/09/2020,17.14
07/09/2020,17.15
06/09/2020,17.16
05/09/2020,17.17
04/09/2020,17.18
03/09/2020,17.19
02/09/2020,17.20
01/09/2020,17.21
31/08/2020,17.22
30/08/2020,17.24
29/08/2020,17.25
28/08/2020,17.24
27/08/2020,17.24
26/08/2020,17.25
25/08/2020,17.27
24/08/2020,17.27
23/08/2020,17.28
22/08/2020,17.29
21/08/2020,17.31
20/08/2020,17.32
19/08/2020,17.33
18/08/2020,17.33
17/08/2020,17.27
16/08/2020,17.27
15/08/2020,17.26
14/08/2020,17.25
13/08/2020,17.25
12/08/2020,17.16
11/08/2020,17.04
10/08/2020,17.05
09/08/2020,17.05
08/08/2020,17.06
07/08/2020,17.07
06/08/2020,17.08
05/08/2020,17.09
04/08/2020,17.10
03/08/2020,17.11
02/08/2020,17.12
01/08/2020,17.13
31/07/2020,17.14
30/07/2020,17.16
29/07/2020,17.17
28/07/2020,17.18
27/07/2020,17.19
26/07/2020,17.20
25/07/2020,17.21
24/07/2020,17.22
23/07/2020,17.24
22/07/2020,17.25
21/07/2020,17.26
20/07/2020,17.28
19/07/2020,17.29
18/07/2020,17.31
17/07/2020,17.32
16/07/2020,17.33
15/07/2020,17.35
14/07/2020,17.36
13/07/2020,17.38
12/07/2020,17.39
11/07/2020,17.41
10/07/2020,17.42
09/07/2020,17.44
08/07/2020,17.46
07/07/2020,17.47
06/07/2020,17.49
05/07/2020,17.50
04/07/2020,17.51
03/07/2020,17.52
02/07/2020,17.54
01/07/2020,17.55
30/06/2020,17.57
29/06/2020,17.58
28/06/2020,17.59
27/06/2020,17.61
26/06/2020,17.63
25/06/2020,17.64
24/06/2020,17.66
23/06/2020,17.68
22/06/2020,17.70
21/06/2020,17.73
20/06/2020,17.76
19/06/2020,17.79
18/06/2020,17.82
17/06/2020,17.83
16/06/2020,17.77
15/06/2020,17.78
14/06/2020,17.82
13/06/2020,17.84
12/06/2020,17.82
11/06/2020,17.82
10/06/2020,17.68
09/06/2020,17.70
08/06/2020,17.72
07/06/2020,17.71
06/06/2020,17.72
05/06/2020,17.73
04/06/2020,17.76
03/06/2020,17.76
02/06/2020,17.77
01/06/2020,17.79
31/05/2020,17.82
30/05/2020,17.84
29/05/2020,17.86
28/05/2020,17.88
27/05/2020,17.91
26/05/2020,17.93
25/05/2020,17.96
24/05/2020,17.98
23/05/2020,17.99
22/05/2020,18.01
21/05/2020,18.03
20/05/2020,18.05
19/05/2020,18.06
18/05/2020,18.08
17/05/2020,18.10
16/05/2020,18.12
15/05/2020,18.14
14/05/2020,18.17
13/05/2020,18.18
12/05/2020,18.18
11/05/2020,18.15
10/05/2020,18.07
09/05/2020,17.92
08/05/2020,17.89
07/05/2020,17.90
06/05/2020,17.92
05/05/2020,17.94
04/05/2020,17.95
03/05/2020,17.97
02/05/2020,17.97
01/05/2020,17.96
30/04/2020,17.89
29/04/2020,17.82
28/04/2020,17.80
27/04/2020,17.81
26/04/2020,17.74
25/04/2020,17.75
24/04/2020,17.77
23/04/2020,17.78
22/04/2020,17.80
21/04/2020,17.80
20/04/2020,17.82
19/04/2020,17.82
18/04/2020,17.78
17/04/2020,17.80
16/04/2020,17.80
15/04/2020,17.81
14/04/2020,17.83
13/04/2020,17.86
12/04/2020,17.83
11/04/2020,17.84
10/04/2020,17.85
09/04/2020,17.87
08/04/2020,17.88
07/04/2020,17.90
06/04/2020,17.89
05/04/2020,17.88
04/04/2020,17.89
03/04/2020,17.90
02/04/2020,17.92
01/04/2020,17.94
31/03/2020,17.96
30/03/2020,17.96
29/03/2020,17.92
28/03/2020,17.94
27/03/2020,17.95
26/03/2020,17.96
25/03/2020,17.97
24/03/2020,17.98
23/03/2020,17.99
22/03/2020,18.01
21/03/2020,18.02
20/03/2020,18.03
19/03/2020,18.04
18/03/2020,18.05
17/03/2020,18.06
16/03/2020,18.07
15/03/2020,18.05
14/03/2020,18.06
13/03/2020,18.07
12/03/2020,18.08
11/03/2020,18.08
10/03/2020,18.09
09/03/2020,18.09
08/03/2020,18.10
07/03/2020,18.11
06/03/2020,18.13
05/03/2020,18.11
04/03/2020,18.10
03/03/2020,18.09
02/03/2020,18.06
01/03/2020,18.04
29/02/2020,18.02
28/02/2020,18.02
27/02/2020,18.03
26/02/2020,17.93
25/02/2020,17.92
24/02/2020,17.91
23/02/2020,17.91
22/02/2020,17.92
21/02/2020,17.93
20/02/2020,17.94
19/02/2020,17.95
18/02/2020,17.95
17/02/2020,17.96
16/02/2020,17.96
15/02/2020,17.96
14/02/2020,17.97
13/02/2020,17.98
12/02/2020,17.98
11/02/2020,17.99
10/02/2020,18.00
09/02/2020,18.00
08/02/2020,18.01
07/02/2020,18.01
06/02/2020,18.02
05/02/2020,18.03
04/02/2020,18.05
03/02/2020,18.06
02/02/2020,18.07
01/02/2020,18.07
31/01/2020,18.06
30/01/2020,18.07
29/01/2020,18.01
28/01/2020,18.03
27/01/2020,18.03
26/01/2020,17.95
25/01/2020,17.96
24/01/2020,17.96
23/01/2020,17.97
22/01/2020,17.97
21/01/2020,17.97
20/01/2020,17.98
19/01/2020,18.00
18/01/2020,18.01
17/01/2020,18.01
16/01/2020,17.99
15/01/2020,18.00
14/01/2020,18.01
13/01/2020,18.01
12/01/2020,18.02
11/01/2020,18.02
10/01/2020,18.04
09/01/2020,18.02
08/01/2020,18.03
07/01/2020,18.03
06/01/2020,18.03
05/01/2020,18.03
04/01/2020,18.04
03/01/2020,18.05
02/01/2020,18.06
01/01/2020,18.06
31/12/2019,18.06
30/12/2019,18.07
29/12/2019,18.08
28/12/2019,18.09
27/12/2019,18.10
26/12/2019,18.11
25/12/2019,18.12
24/12/2019,18.14
23/12/2019,18.14
22/12/2019,18.14
21/12/2019,18.14
20/12/2019,18.14
19/12/2019,18.13
18/12/2019,18.14
17/12/2019,18.15
16/12/2019,18.17
15/12/2019,18.19
14/12/2019,18.19
13/12/2019,18.18
12/12/2019,18.18
11/12/2019,18.12
10/12/2019,18.09
09/12/2019,18.11
08/12/2019,18.11
07/12/2019,18.08
06/12/2019,18.09
05/12/2019,18.10
04/12/2019,18.12
03/12/2019,18.13
02/12/2019,18.15
01/12/2019,18.16
30/11/2019,18.15
29/11/2019,18.12
28/11/2019,18.13
27/11/2019,18.12
26/11/2019,18.11
25/11/2019,18.09
24/11/2019,18.08
23/11/2019,18.09
22/11/2019,18.05
21/11/2019,18.05
20/11/2019,18.01
19/11/2019,18.01
18/11/2019,18.03
17/11/2019,18.05
16/11/2019,18.05
15/11/2019,17.94
14/11/2019,17.95
13/11/2019,17.90
12/11/2019,17.89
11/11/2019,17.88
10/11/2019,17.84
09/11/2019,17.80
08/11/2019,17.79
07/11/2019,17.77
06/11/2019,17.70
05/11/2019,17.65
04/11/2019,17.59
03/11/2019,17.55
02/11/2019,17.44
01/11/2019,17.34
31/10/2019,17.28
30/10/2019,17.28
29/10/2019,17.27
28/10/2019,17.27
27/10/2019,17.24
26/10/2019,17.24
25/10/2019,17.23
24/10/2019,17.20
23/10/2019,17.15
22/10/2019,17.10
21/10/2019,17.07
20/10/2019,17.04
19/10/2019,16.92
18/10/2019,16.90
17/10/2019,16.89
16/10/2019,16.86
15/10/2019,16.85
14/10/2019,16.82
13/10/2019,16.82
12/10/2019,16.82
11/10/2019,16.82
10/10/2019,16.83
09/10/2019,16.83
08/10/2019,16.83
07/10/2019,16.83
06/10/2019,16.83
05/10/2019,16.84
04/10/2019,16.84
03/10/2019,16.84
02/10/2019,16.84
01/10/2019,16.84
30/09/2019,16.84
29/09/2019,16.85
28/09/2019,16.85
27/09/2019,16.85
26/09/2019,16.85
25/09/2019,16.85
24/09/2019,16.85
23/09/2019,16.84
22/09/2019,16.85
21/09/2019,16.85
20/09/2019,16.86
19/09/2019,16.86
18/09/2019,16.87
17/09/2019,16.87
16/09/2019,16.88
15/09/2019,16.88
14/09/2019,16.88
13/09/2019,16.89
12/09/2019,16.89
11/09/2019,16.90
10/09/2019,16.91
09/09/2019,16.91
08/09/2019,16.91
07/09/2019,16.91
06/09/2019,16.92
05/09/2019,16.92
04/09/2019,16.93
03/09/2019,16.93
02/09/2019,16.94
01/09/2019,16.95
31/08/2019,16.95
30/08/2019,16.96
29/08/2019,16.96
28/08/2019,16.97
27/08/2019,16.98
26/08/2019,16.98
25/08/2019,16.99
24/08/2019,17.00
23/08/2019,17.00
22/08/2019,17.01
21/08/2019,17.02
20/08/2019,17.02
19/08/2019,17.03
18/08/2019,17.04
17/08/2019,17.04
16/08/2019,17.05
15/08/2019,17.05
14/08/2019,17.06
13/08/2019,17.07
12/08/2019,17.08
11/08/2019,17.08
10/08/2019,17.07
09/08/2019,17.08
08/08/2019,17.09
07/08/2019,17.10
06/08/2019,17.07
05/08/2019,17.08
04/08/2019,17.09
03/08/2019,17.11
02/08/2019,17.12
01/08/2019,17.13
31/07/2019,17.14
30/07/2019,17.15
29/07/2019,17.17
28/07/2019,17.19
27/07/2019,17.19
26/07/2019,17.17
25/07/2019,17.11
24/07/2019,17.12
23/07/2019,17.13
22/07/2019,17.14
21/07/2019,17.15
20/07/2019,17.17
19/07/2019,17.18
18/07/2019,17.19
17/07/2019,17.20
16/07/2019,17.21
15/07/2019,17.23
14/07/2019,17.24
13/07/2019,17.26
12/07/2019,17.27
11/07/2019,17.29
10/07/2019,17.30
09/07/2019,17.32
08/07/2019,17.34
07/07/2019,17.35
06/07/2019,17.36
05/07/2019,17.38
04/07/2019,17.39
03/07/2019,17.41
02/07/2019,17.41
01/07/2019,17.42
30/06/2019,17.43
29/06/2019,17.44
28/06/2019,17.44
27/06/2019,17.46
26/06/2019,17.48
25/06/2019,17.49
24/06/2019,17.51
23/06/2019,17.52
22/06/2019,17.54
21/06/2019,17.55
20/06/2019,17.57
19/06/2019,17.59
18/06/2019,17.62
17/06/2019,17.64
16/06/2019,17.66
15/06/2019,17.69
14/06/2019,17.71
13/06/2019,17.66
12/06/2019,17.67
11/06/2019,17.57
10/06/2019,17.55
09/06/2019,17.57
08/06/2019,17.59
07/06/2019,17.60
06/06/2019,17.58
05/06/2019,17.58
04/06/2019,17.51
03/06/2019,17.51
02/06/2019,17.52
01/06/2019,17.53
31/05/2019,17.54
30/05/2019,17.55
29/05/2019,17.56
28/05/2019,17.57
27/05/2019,17.58
26/05/2019,17.58
25/05/2019,17.59
24/05/2019,17.60
23/05/2019,17.61
22/05/2019,17.62
21/05/2019,17.63
20/05/2019,17.64
19/05/2019,17.66
18/05/2019,17.68
17/05/2019,17.65
16/05/2019,17.66
15/05/2019,17.67
14/05/2019,17.68
13/05/2019,17.70
12/05/2019,17.71
11/05/2019,17.74
10/05/2019,17.76
09/05/2019,17.77
08/05/2019,17.78
07/05/2019,17.73
06/05/2019,17.74
05/05/2019,17.76
04/05/2019,17.78
03/05/2019,17.79
02/05/2019,17.80
01/05/2019,17.82
30/04/2019,17.83
29/04/2019,17.85
28/04/2019,17.86
27/04/2019,17.88
26/04/2019,17.86
25/04/2019,17.85
24/04/2019,17.83
23/04/2019,17.77
22/04/2019,17.72
21/04/2019,17.71
20/04/2019,17.72
19/04/2019,17.75
18/04/2019,17.76
17/04/2019,17.77
16/04/2019,17.79
15/04/2019,17.78
14/04/2019,17.72
13/04/2019,17.74
12/04/2019,17.75
11/04/2019,17.77
10/04/2019,17.79
09/04/2019,17.80
08/04/2019,17.81
07/04/2019,17.83
06/04/2019,17.84
05/04/2019,17.76
04/04/2019,17.77
03/04/2019,17.75
02/04/2019,17.71
01/04/2019,17.72
31/03/2019,17.72
30/03/2019,17.73
29/03/2019,17.74
28/03/2019,17.74
27/03/2019,17.76
26/03/2019,17.77
25/03/2019,17.78
24/03/2019,17.79
23/03/2019,17.80
22/03/2019,17.80
21/03/2019,17.82
20/03/2019,17.83
19/03/2019,17.85
18/03/2019,17.82
17/03/2019,17.84
16/03/2019,17.85
15/03/2019,17.85
14/03/2019,17.86
13/03/2019,17.87
12/03/2019,17.87
11/03/2019,17.88
10/03/2019,17.89
09/03/2019,17.90
08/03/2019,17.91
07/03/2019,17.88
06/03/2019,17.86
05/03/2019,17.82
04/03/2019,17.83
03/03/2019,17.83
02/03/2019,17.83
01/03/2019,17.83
28/02/2019,17.83
27/02/2019,17.84
26/02/2019,17.85
25/02/2019,17.85
24/02/2019,17.86
23/02/2019,17.87
22/02/2019,17.87
21/02/2019,17.89
20/02/2019,17.89
19/02/2019,17.90
18/02/2019,17.91
17/02/2019,17.91
16/02/2019,17.92
15/02/2019,17.93
14/02/2019,17.94
13/02/2019,17.95
12/02/2019,17.95
11/02/2019,17.96
10/02/2019,17.98
09/02/2019,17.98
08/02/2019,17.98
07/02/2019,18.00
06/02/2019,18.00
05/02/2019,18.01
04/02/2019,18.00
03/02/2019,17.99
02/02/2019,18.01
01/02/2019,18.01
31/01/2019,17.99
30/01/2019,17.96
29/01/2019,17.93
28/01/2019,17.89
27/01/2019,17.85
26/01/2019,17.82
25/01/2019,17.81
24/01/2019,17.83
23/01/2019,17.84
