,BattV_Avg,Rain_mm_Tot,WS_ms_Avg,WS_ms_Avg,WS_ms_Avg,AirTC_Avg,AirTC_Avg,AirTC_Avg,RH,RH,RH,SlrW_Avg,ET0
,mean,sum,mean,min,max,mean,min,max,mean,min,max,mean,sum
date,,,,,,,,,,,,,
2022-07-12,12.799,0.0,0.6027625,0.118,1.489,26.434500000000003,17.24,35.5,52.34525,21.23,82.6,35.16947368421053,11.34
2022-07-13,13.016041666666666,0.0,1.0323416666666667,0.142,3.678,25.066166666666668,13.83,35.27,52.99933333333333,17.33,91.6,,
2022-07-14,13.136166666666666,0.0,0.7897041666666667,0.096,2.44,25.328500000000002,14.15,36.15,56.52975,22.46,90.6,,
2022-07-15,13.204583333333334,0.0,1.02835,0.227,2.964,24.265333333333334,14.24,33.05,54.15454166666667,23.82,93.1,,
2022-07-16,13.219333333333333,0.0,1.5986333333333331,0.532,3.791,26.051125000000003,18.51,33.69,40.885083333333334,25.04,61.79,,
2022-07-17,13.22225,0.0,1.8585625000000001,0.653,4.048,27.065166666666666,18.79,35.91,40.732958333333336,19.49,56.85,,
2022-07-18,13.181125,0.0,3.0750666666666664,0.708,7.382,29.766569037656904,19.84,39.85,42.984,17.27,92.8,,
2022-07-19,13.221708333333334,0.1,1.8863750000000001,0.271,3.866,23.328416666666666,19.11,27.51,68.98229166666667,42.76,92.9,,
2022-07-20,13.274916666666666,0.0,1.8146958333333332,0.14,4.738,21.148541666666667,15.02,24.83,77.73049999999999,53.92,96.5,,
2022-07-21,13.257541666666667,0.0,0.9209166666666667,0.128,2.776,21.109291666666664,13.42,29.41,72.55695833333333,41.18,97.8,,
2022-07-22,13.291833333333333,0.0,1.9553875,0.153,4.696,19.479,14.92,23.96,82.08520833333334,62.48,97.3,,
2022-07-23,13.264875,0.0,0.8347874999999999,0.125,2.793,20.388708333333334,12.37,28.59,73.51891666666667,46.82,98.4,,
2022-07-24,13.208499999999999,0.0,1.3675375,0.116,3.66,24.24095833333333,12.93,35.62,58.52608333333333,25.11,95.8,,
2022-07-25,13.30575,1.3,1.7849125000000001,0.056,5.043,20.435958333333335,14.44,23.94,80.46333333333334,65.72,97.3,,
2022-07-26,13.270583333333333,0.0,1.0135958333333333,0.067,3.657,18.70975,12.18,24.93,73.55658333333334,40.58,98.7,,
2022-07-27,13.275583333333334,0.0,1.3644541666666667,0.083,3.983,18.201958333333334,10.43,25.19,74.868375,45.19,98.5,,
2022-07-28,13.29925,0.0,1.7580958333333332,0.089,3.984,19.353666666666665,13.12,24.3,76.447125,50.68,98.0,,
2022-07-29,13.283458333333334,0.0,1.3003624999999999,0.098,3.67,20.35395833333333,15.37,24.93,79.12833333333333,54.78,96.8,,
2022-07-30,13.264708333333333,0.0,1.37005,0.083,4.348,20.249958333333332,13.78,26.36,78.701875,51.8,98.7,,
2022-07-31,13.256,0.0,1.2399625,0.088,3.503,20.23875,13.25,27.12,80.06170833333334,53.03,99.9,,
2022-08-01,13.256541666666667,0.0,1.0875791666666668,0.149,2.933,20.603208333333335,13.21,29.77,79.74120833333333,43.92,100.0,,
2022-08-02,13.200166666666666,0.0,0.8947125,0.126,3.212,24.405625,13.91,35.52,64.34808333333334,23.54,99.8,,
2022-08-03,13.186791666666666,0.0,0.9115375,0.118,3.609,26.49204166666667,15.78,36.89,58.436416666666666,25.71,94.7,,
2022-08-04,13.21625,0.0,1.6270416666666667,0.146,4.637,23.471666666666668,16.94,31.79,70.62741666666668,37.22,94.8,,
2022-08-05,13.236541666666666,0.0,1.1661416666666669,0.205,2.8,23.50841666666667,16.83,30.42,62.11470833333333,38.2,94.6,,
2022-08-06,13.233666666666666,0.0,1.4431833333333333,0.573,3.432,24.878416666666666,19.19,31.41,42.04845833333333,25.29,59.21,,
2022-08-07,13.231916666666667,0.0,1.2892666666666666,0.462,3.433,23.919666666666668,15.62,32.46,39.15608333333333,23.73,57.37,,
2022-08-08,13.222208333333333,0.0,1.355375,0.256,3.863,25.204083333333333,14.29,33.94,38.78770833333333,19.0,73.03,,
2022-08-09,13.225333333333333,0.0,1.2291916666666667,0.226,3.864,25.872958333333333,16.92,34.56,40.98533333333333,21.99,70.79,,
2022-08-10,13.190458333333334,0.0,1.2688666666666668,0.356,3.457,27.412166666666668,14.21,37.36,38.04525,14.22,79.28,,
2022-08-11,13.18775,0.0,0.9901541666666667,0.08,3.006,27.237000000000002,16.31,38.02,42.3275,19.05,75.33,,
2022-08-12,13.193333333333333,0.0,1.5220458333333333,0.17,4.016,25.513208333333335,17.33,34.62,58.65604166666667,31.34,96.0,,
2022-08-13,13.236500000000001,2.6,2.2339458333333337,0.488,4.433,23.41466666666667,19.66,28.51,80.22404166666666,58.42,95.9,,
2022-08-14,13.248833333333332,3.9000000000000004,2.160616666666667,0.224,4.915,21.056500000000003,18.48,24.72,81.71341666666667,56.42,99.1,,
2022-08-15,13.269458333333334,0.0,2.036591666666667,0.197,5.368,20.583125,15.75,25.53,78.78029166666667,51.67,98.4,,
2022-08-16,13.24525,0.0,1.3225333333333333,0.124,4.246,20.055,15.23,25.95,81.27016666666667,53.49,98.8,,
2022-08-17,13.278500000000001,0.8,2.0250125,0.11,4.548,19.439083333333333,14.04,25.1,78.629125,47.94,96.3,,
2022-08-18,13.276916666666667,0.0,1.2960500000000001,0.063,3.083,19.041708333333336,11.83,24.89,79.01316666666666,55.59,99.0,,
2022-08-19,13.287374999999999,0.9,1.5709583333333332,0.093,4.175,19.905124999999998,14.21,25.2,84.324,64.55,97.1,,
2022-08-20,13.234333333333332,0.0,0.7113333333333334,0.111,3.134,20.898125,15.95,26.88,81.17966666666666,56.23,98.2,,
2022-08-21,13.253874999999999,0.0,1.0981041666666667,0.061,4.054,19.612666666666666,13.69,25.9,80.38658333333333,51.06,98.9,,
2022-08-22,13.261,1.4000000000000001,1.6491708333333333,0.185,4.323,21.02425,18.61,24.65,87.45908333333334,64.31,98.5,,
2022-08-23,13.226958333333332,0.2,0.7936791666666667,0.085,2.128,22.239583333333332,18.16,28.55,83.766375,53.69,99.6,,
2022-08-24,13.194416666666665,0.0,1.0325916666666666,0.1,3.488,24.99825,15.29,34.08,66.26825,27.12,99.1,,
2022-08-25,13.236958333333332,6.7,1.5206875,0.128,7.851,22.896791666666665,18.49,28.62,81.73837499999999,52.66,97.8,,
2022-08-26,13.258375,0.0,0.8052458333333334,0.088,2.439,21.299291666666665,16.34,28.03,81.80341666666666,56.96,99.5,,
2022-08-27,13.227375,0.0,0.9587291666666666,0.112,2.816,22.188333333333333,13.97,30.03,65.40116666666667,31.5,97.5,,
2022-08-28,13.221666666666666,0.0,1.4337041666666666,0.122,4.177,23.14195833333333,13.0,32.0,56.614749999999994,28.11,94.7,,
2022-08-29,13.216916666666666,0.0,1.331075,0.116,4.052,23.854125,15.71,30.8,62.80533333333334,39.83,87.6,,
2022-08-30,13.211666666666668,0.0,1.2358916666666666,0.108,4.645,22.256050420168066,15.38,30.26,77.88920833333333,41.58,97.4,,
2022-08-31,13.217291666666666,0.0,1.0876416666666666,0.112,3.398,21.978125,17.07,30.31,82.59475,46.9,99.4,,
2022-09-01,13.219791666666667,0.0,1.0899833333333333,0.096,3.503,22.006125,16.83,28.76,75.04858333333333,43.14,98.5,,
2022-09-02,13.187122641509434,6.1,1.6217499999999998,0.114,4.772,19.843140096618356,16.57,24.67,85.78923444976077,62.36,98.3,33.85069565217391,8.9
2022-09-03,13.260375,0.0,1.30545,0.153,3.785,19.366875,14.32,24.57,76.70541666666666,47.16,98.3,35.6103375,9.52
2022-09-04,13.229458333333334,0.0,1.4567375,0.123,4.28,21.105916666666666,13.03,29.91,68.45908333333334,26.08,94.7,44.4146,12.91
2022-09-05,13.201333333333334,0.0,1.8666958333333334,0.155,5.605,22.276125,14.95,30.16,66.5395,29.54,94.5,46.008470833333334,13.46
2022-09-06,13.241416666666668,0.0,1.7023041666666667,0.097,6.001,19.571291666666664,12.49,28.63,75.911875,42.14,99.1,44.839150000000004,12.24
2022-09-07,13.250458333333334,1.1,1.5239041666666668,0.133,4.944,17.981375,14.07,22.05,83.62079166666668,58.06,98.0,20.139683333333334,5.39
2022-09-08,13.277125000000002,0.7,3.0109083333333335,0.453,7.07,18.909208333333332,13.51,23.91,79.15070833333333,57.15,98.3,27.362916666666667,7.04
2022-09-09,13.264208333333332,0.0,2.2565666666666666,0.131,6.698,17.606125000000002,12.05,23.84,75.89483333333332,47.06,96.5,35.909591666666664,9.14
2022-09-10,13.250458333333334,0.0,0.95865,0.146,2.274,19.00904166666667,10.84,26.61,76.48508333333332,47.77,97.7,32.13327916666667,8.72
2022-09-11,13.232125,0.0,2.1796833333333336,0.194,4.455,22.834958333333336,13.66,31.18,59.344375,33.59,95.8,43.71479166666666,12.88
2022-09-12,13.194666666666667,1.3,1.7851583333333332,0.169,8.16,25.71875,16.92,35.75,55.961375,23.57,94.3,30.729408333333332,10.92
2022-09-13,13.193916666666667,0.0,3.070804166666667,0.344,7.452,25.100624999999997,17.88,32.72,67.96933333333332,34.09,95.9,29.30839166666667,10.2
2022-09-14,13.221749999999998,0.0,2.4669875,0.128,7.817,21.606291666666667,15.71,28.14,74.18975,43.58,98.2,39.08985416666667,10.94
2022-09-15,13.246041666666667,0.0,1.1375166666666667,0.054,5.147,19.174625,13.22,25.53,84.82804166666666,57.51,99.5,27.723795833333334,7.49
2022-09-16,13.253333333333334,0.0,0.8003291666666666,0.089,2.252,16.64525,9.38,24.08,73.71116666666667,37.53,99.2,39.56910416666666,10.21
2022-09-17,13.2775,0.0,1.3689458333333335,0.056,3.949,14.1480125,5.949,21.79,59.19166666666667,27.22,95.2,42.264895833333334,10.2
2022-09-18,13.273916666666667,0.0,1.6126708333333333,0.213,5.718,15.269970833333334,4.174,24.36,51.76479166666666,21.87,94.4,41.40844166666667,10.48
2022-09-19,13.261291666666667,0.0,1.4446291666666666,0.211,4.622,16.722041666666666,8.14,24.5,53.16325,26.22,83.3,41.92148333333333,10.95
2022-09-20,13.265375,0.0,1.2821,0.178,3.533,15.856875,8.75,23.83,54.401875000000004,26.91,82.1,40.7609125,10.63
2022-09-21,13.265333333333333,0.0,1.3631541666666667,0.096,4.302,15.682170833333334,5.297,24.48,56.32008333333333,27.52,94.2,40.290937500000005,10.22
2022-09-22,13.252458333333333,0.0,0.8233250000000001,0.098,3.867,14.784016666666668,4.864,25.24,65.97908333333334,29.21,94.1,39.78673333333334,10.14
2022-09-23,13.256916666666665,0.0,0.7866625,0.091,3.757,13.877154166666665,7.082,21.1,81.990375,49.99,97.9,12.10325,3.29
2022-09-24,13.27675,0.2,1.1192666666666669,0.093,4.33,15.045833333333333,9.19,21.53,82.76245833333334,51.21,99.2,28.423283333333334,7.06
2022-09-25,13.299666666666667,0.0,0.6541916666666666,0.078,1.941,12.267145833333332,5.223,19.57,80.50654166666666,52.91,98.6,23.4898,5.55
2022-09-26,13.234125,4.7,2.6144583333333333,0.108,8.48,13.081591666666666,4.915,20.0,82.79566666666666,49.24,99.3,17.903466666666667,4.63
2022-09-27,13.242166666666666,6.8,2.8301458333333334,0.073,6.388,15.810541666666666,12.68,19.0,82.18716666666666,59.85,95.0,13.794370833333334,3.78
2022-09-28,13.276583333333333,4.1,3.63625,0.697,7.204,16.3965,13.59,19.36,85.608625,71.26,94.5,20.65325,4.73
2022-09-29,13.299958333333333,2.9,0.7327208333333334,0.091,2.327,13.273370833333333,7.969,17.67,85.04187499999999,55.03,98.3,21.964325,5.2
2022-09-30,13.296208333333334,0.6000000000000001,1.3057124999999998,0.122,4.525,12.722362500000001,4.97,18.64,80.50475,46.93,99.1,31.76615,7.11
2022-10-01,13.180583333333335,6.2,4.058558333333333,1.308,6.898,17.670875000000002,13.48,19.05,94.97708333333334,92.5,97.3,7.618579166666667,1.62
2022-10-02,13.259833333333335,0.1,1.91775,0.088,4.822,17.30675,11.17,20.52,88.15591666666666,68.04,98.4,19.227995833333335,4.68
2022-10-03,13.253208333333333,0.0,0.953225,0.151,2.678,15.764166666666666,9.59,24.26,82.87370833333333,52.62,100.0,32.494925,8.34
2022-10-04,13.260208333333333,0.0,0.8289375,0.086,2.948,15.00185,7.493,23.8,82.70083333333334,49.14,99.5,34.57767916666667,8.67
2022-10-05,13.220416666666667,0.1,1.1248125,0.111,4.086,15.973833333333333,10.03,22.28,89.81870833333333,68.77,99.7,26.442958333333333,6.47
2022-10-06,13.254041666666666,0.3,1.2791541666666668,0.178,3.283,16.105083333333333,11.26,20.96,86.00275,65.77,97.4,24.359770833333336,5.98
2022-10-07,13.248041666666667,0.0,0.8116791666666666,0.158,2.457,16.303708333333333,9.18,24.15,83.35908333333333,58.09,99.5,27.710462500000002,7.12
2022-10-08,13.2455,0.0,1.1759791666666668,0.265,2.653,16.596041666666668,10.01,22.32,65.88320833333333,39.06,91.4,28.41959166666667,7.46
2022-10-09,13.246,0.0,1.3695708333333334,0.133,4.166,16.237531380753136,8.95,26.23,77.49694560669457,45.75,95.4,29.830483333333333,8.06
2022-10-10,13.238291666666667,0.1,0.5337,0.056,2.282,15.620041666666667,11.02,19.05,90.73916666666668,79.0,97.9,9.633883333333333,2.43
2022-10-11,13.183291666666666,1.5,0.7318416666666666,0.129,1.923,16.95029166666667,15.23,20.02,93.65929166666666,77.99,98.8,6.617470833333333,1.82
2022-10-12,13.211875,0.0,0.6229125,0.108,1.698,15.369916666666667,10.07,21.22,89.38470833333334,66.41,99.5,23.783025000000002,5.93
2022-10-13,13.184458333333334,5.3,2.9774458333333333,0.124,22.72,15.82775,10.66,19.79,93.08254166666667,72.26,99.3,10.9292125,2.84
2022-10-14,13.1485,0.1,3.6986666666666665,1.345,6.918,18.42233333333333,17.07,20.12,89.91958333333334,82.2,96.4,9.621649999999999,2.49
2022-10-15,13.133125,0.0,1.8917291666666667,0.174,4.781,18.242708333333333,14.92,21.7,85.74608333333335,70.73,96.6,11.856604166666667,3.3
2022-10-16,13.222916666666666,0.0,2.2653375000000002,0.125,8.0,20.026041666666668,12.73,28.09,75.48191666666666,34.04,99.1,25.519116666666665,8.02
2022-10-17,13.127958333333334,6.3,1.2964375,0.102,3.222,18.914625,14.62,24.86,89.71329166666666,69.15,98.0,11.141529166666666,3.28
2022-10-18,13.212333333333333,0.0,2.0047916666666667,0.148,5.112,20.689125,14.54,27.77,81.90804166666666,53.3,98.5,26.2311625,7.54
2022-10-19,13.203291666666667,8.2,2.0067791666666666,0.117,4.15,19.91508333333333,16.11,25.46,82.37083333333334,61.59,95.9,16.608454166666668,4.92
2022-10-20,13.241083333333334,2.3000000000000003,2.2763333333333335,0.6,4.562,19.02283333333333,14.6,24.8,76.59591666666667,52.75,95.3,17.057983333333333,5.21
2022-10-21,13.190750000000001,0.0,2.402254166666667,0.109,6.262,17.764,11.6,21.42,74.79441666666666,56.68,97.0,10.494583333333333,3.34
2022-10-22,13.25825,0.0,1.75125,0.086,4.139,17.095166666666668,10.55,23.03,78.00183333333332,57.77,98.6,17.3116875,4.72
2022-10-23,13.186333333333332,0.0,3.9059041666666667,0.275,9.98,20.044500000000003,15.93,23.68,63.56045833333334,40.13,87.3,17.119833333333336,6.06
2022-10-24,13.20025,0.0,1.5066625,0.148,4.825,15.824125,9.57,21.31,82.74283333333332,55.29,98.1,23.848312500000002,5.96
2022-10-25,13.2055,0.0,1.7238541666666667,0.143,4.01,16.022875,8.8,22.85,79.93491666666667,56.12,98.8,11.5814,3.48
2022-10-26,13.236458333333333,0.0,1.8690166666666668,0.209,5.783,17.394166666666667,11.23,25.32,77.79408333333332,47.28,98.0,24.191745833333336,6.78
2022-10-27,13.069333333333333,0.0,2.324745833333333,0.409,4.906,20.047958333333334,17.25,24.46,73.718125,53.21,86.3,6.000854166666667,2.93
2022-10-28,13.172458333333333,0.0,1.559625,0.218,4.634,19.786958333333335,14.61,25.14,71.88208333333334,48.98,84.0,14.825691666666668,4.8
2022-10-29,13.171625,0.0,2.00025,0.143,4.088,17.738583333333334,11.61,23.04,81.20333333333333,55.64,96.8,10.5951,3.44
2022-10-30,13.215499999999999,0.0,0.8560791666666667,0.169,2.21,15.850375000000001,12.22,20.16,86.00266666666667,69.05,97.4,13.260679166666668,3.45
2022-10-31,13.143833333333333,6.3,2.6830083333333334,0.353,5.758,16.184333333333335,12.58,19.11,88.47591666666668,75.95,97.9,5.114258333333334,1.65
2022-11-01,13.222458333333332,0.0,1.6278125,0.125,5.444,12.942833333333335,8.3,18.4,85.99675,65.54,95.8,15.592241666666666,3.76
2022-11-02,13.236083333333333,0.0,1.2518791666666667,0.168,3.435,12.787083333333333,8.92,18.92,89.05845833333333,63.09,98.6,16.6909125,4.08
2022-11-03,13.136833333333334,6.6,2.7971166666666667,0.43,8.04,13.502416666666667,9.8,17.48,85.18062499999999,66.66,94.1,6.896929166666666,2.19
2022-11-04,13.202083333333333,10.200000000000001,2.5492375,0.104,9.41,12.230866666666666,6.06,16.59,79.23620833333332,61.65,96.4,17.71131666666667,3.95
2022-11-05,13.249291666666666,0.0,1.0188416666666666,0.085,3.705,10.419158333333334,6.543,16.77,87.92204166666667,61.08,97.4,19.318050000000003,4.4
2022-11-06,13.245875000000002,0.0,2.4897666666666667,0.247,7.422,11.559270833333333,6.349,17.44,90.30854166666667,77.32,97.6,11.791558333333334,2.62
2022-11-07,13.260541666666667,0.0,1.7262833333333334,0.34,3.216,14.031708333333334,10.32,19.24,82.93541666666667,55.41,97.5,16.755175,4.32
2022-11-08,13.115874999999999,0.0,1.4872124999999998,0.118,3.538,13.587875,10.88,19.06,86.70266666666666,74.25,96.5,6.967341666666667,1.94
2022-11-09,13.114208333333332,4.0,1.1143333333333334,0.089,4.223,12.566583333333334,8.08,16.47,93.91675000000001,79.1,98.4,6.714954166666667,1.64
2022-11-10,13.227958333333333,0.2,1.6717166666666665,0.151,3.631,9.3604875,4.023,13.95,97.60041666666666,89.5,99.6,16.4879,2.99
2022-11-11,13.2385,0.0,2.0223416666666667,0.13,5.292,11.459241666666665,7.612,18.07,91.44391666666667,73.25,100.0,18.802104166666666,4.08
2022-11-12,13.263833333333334,0.0,1.8369916666666666,0.132,5.215,14.226208333333334,8.57,20.53,89.224125,73.2,98.5,20.215341666666667,4.66
2022-11-13,13.25675,0.0,1.4823291666666667,0.088,2.725,13.536208333333333,8.37,20.61,86.94191666666667,63.77,98.4,19.8205125,4.82
2022-11-14,13.125,4.8,1.7362958333333334,0.258,4.59,12.235666666666667,9.52,15.69,90.90879166666667,72.28,96.0,8.040791666666667,2.05
2022-11-15,12.901416666666668,8.9,2.5513375000000003,1.042,5.219,12.6395,10.38,15.29,91.88291666666667,82.7,96.3,2.405379166666667,0.86
2022-11-16,13.113166666666666,13.7,3.3326291666666665,0.37,8.32,13.969,9.47,16.56,89.22533333333334,75.3,97.3,7.6467875,2.0
2022-11-17,13.141333333333334,9.1,3.952941666666667,1.536,7.466,13.541458333333333,11.67,15.45,85.948875,74.17,94.7,6.470929166666666,1.89
2022-11-18,13.194833333333333,16.6,1.0914791666666666,0.149,4.49,10.0926125,6.828,14.78,91.91745833333333,74.49,98.1,8.567008333333332,1.98
2022-11-19,13.272874999999999,1.5,0.6854791666666666,0.103,1.596,8.039795833333333,3.246,13.82,90.507875,64.75,98.9,16.763579166666666,3.52
2022-11-20,13.144749999999998,4.6,1.4012375000000001,0.149,3.797,8.999616666666666,3.856,14.52,93.23833333333333,73.69,98.2,8.471933333333332,1.91
2022-11-21,13.004333333333333,16.1,3.7981041666666666,1.082,7.238,10.54745,7.057,15.25,86.64462499999999,66.42,97.9,3.0259916666666666,1.49
2022-11-22,13.129708333333333,16.4,3.1499666666666664,0.614,6.711,11.05775,9.41,14.83,85.09575,66.03,98.5,4.8297625,1.66
2022-11-23,13.200208333333334,7.800000000000001,3.5230375,0.249,8.64,12.788708333333334,8.31,15.73,86.19241666666667,62.22,98.0,11.5795625,2.91
2022-11-24,13.111333333333333,1.4000000000000001,1.8762625,0.213,4.234,10.720020833333333,7.729,13.1,93.0875,81.8,98.6,4.576708333333333,1.11
2022-11-25,13.208208333333333,2.2,0.8301916666666667,0.1,2.764,9.789254166666666,3.884,14.4,92.35324999999999,73.79,99.1,12.550179166666668,2.67
2022-11-26,13.267208333333334,0.1,1.7054916666666666,0.203,4.568,7.792491666666667,4.085,12.57,94.274125,79.99,99.2,12.585299999999998,2.41
2022-11-27,13.24475,6.7,1.8897374999999998,0.423,3.958,8.454213389121339,4.452,12.71,92.96737499999999,76.09,99.1,9.373508333333332,1.94
2022-11-28,13.181999999999999,7.0,1.6037541666666668,0.16,6.08,9.413041666666667,3.754,14.69,91.62429166666668,72.36,99.3,8.301775,1.9
2022-11-29,13.204458333333333,1.6,0.5277333333333334,0.098,1.573,7.289466666666667,1.956,14.12,93.84054166666667,68.12,99.7,11.561395833333334,2.46
2022-11-30,13.204583333333334,0.1,1.4540333333333335,0.243,2.803,4.697933333333333,1.627,9.52,95.64274999999999,79.96,100.0,10.719329166666666,1.91
2022-12-01,13.266666666666667,0.1,1.4159458333333332,0.354,2.52,6.439754166666666,3.853,9.81,88.63183333333333,75.34,97.5,14.824008333333333,2.73
2022-12-02,12.907708333333334,0.0,1.1452958333333332,0.436,2.889,5.512208333333334,3.517,6.94,87.97170833333332,75.99,97.6,2.901475,0.68
2022-12-03,13.098791666666667,1.7,1.1339583333333332,0.127,2.818,3.7483500000000003,-0.295,6.944,92.98612499999999,73.44,99.0,8.403991666666666,1.5
2022-12-04,13.193833333333334,0.0,0.9247916666666666,0.062,2.525,2.8676208333333335,-0.679,8.1,96.54041666666667,83.7,100.0,9.005891666666665,1.55
2022-12-05,13.319041666666667,0.2,1.8615583333333334,0.13,4.708,4.6483625,0.162,10.15,88.64679166666666,66.06,99.9,16.102820833333332,2.84
2022-12-06,13.1065,0.0,1.7625916666666666,0.656,3.41,4.809725,2.485,7.115,88.36833333333334,81.5,95.6,4.915733333333334,0.97
2022-12-07,13.273291666666667,0.0,1.5144333333333333,0.28,3.574,2.7796958333333333,0.472,6.618,91.31774999999999,78.89,97.6,14.472045833333334,2.3
2022-12-08,13.128791666666666,1.8,1.2779583333333333,0.261,3.17,1.5620791666666667,-1.094,3.587,95.05874999999999,87.9,98.0,4.936216666666667,0.77
2022-12-09,13.159625,0.5,1.2987458333333335,0.453,2.091,2.81765,-0.401,5.36,92.17416666666666,83.0,98.2,7.514833333333333,1.22
2022-12-10,13.301916666666667,0.0,1.0163208333333333,0.054,3.454,-1.7951583333333334,-4.303,0.863,97.39750000000001,92.9,99.2,8.0874375,1.04
2022-12-11,13.21975,0.0,1.91115,0.099,5.163,-0.7736791666666666,-2.711,3.989,89.93883333333333,69.77,98.4,12.724795833333333,1.86
2022-12-12,12.832666666666666,8.3,2.9025166666666666,0.103,6.274,0.9304333333333333,-2.422,3.33,92.46350000000001,75.98,98.4,2.605758333333333,0.63
2022-12-13,12.877125000000001,0.1,1.6030166666666665,0.342,3.427,4.2810753138075315,1.748,6.626,98.85375,96.3,100.0,3.6146041666666666,0.56
2022-12-14,13.124875,4.0,1.70525,0.264,5.032,11.086016666666666,5.439,15.97,96.145,82.8,100.0,10.762133333333333,2.25
2022-12-15,13.016833333333333,9.0,2.4196458333333335,0.796,4.382,8.077025,4.01,10.65,97.06750000000001,93.4,98.4,3.5471958333333333,0.66
2022-12-16,13.290625,0.0,2.238225,1.013,3.968,2.57205,-0.824,6.159,76.60479166666667,53.84,93.3,15.215358333333334,2.59
2022-12-17,13.365874999999999,0.0,1.3344416666666667,0.197,3.593,-0.450725,-5.505,5.331,87.0485,69.82,98.0,15.321220833333333,2.22
2022-12-18,13.247708333333332,0.2,3.3682000000000003,0.23,5.435,6.089845833333333,-0.095,12.05,90.38679166666667,75.29,99.8,9.771095833333334,1.84
2022-12-19,13.162291666666667,0.0,3.4207958333333335,1.794,6.376,11.553791666666665,9.14,14.89,85.12316666666668,71.57,92.4,6.265975,1.88
2022-12-20,12.982375,0.4,2.7647,1.119,4.976,12.455041666666666,10.78,15.45,85.22891666666666,68.54,97.3,3.9345458333333334,1.46
2022-12-21,13.082666666666666,1.6,2.9112791666666666,0.275,5.981,11.945058333333332,6.675,15.77,90.96754166666666,74.81,99.1,6.787825,1.75
2022-12-22,12.90375,23.0,4.4199,1.994,7.283,14.664583333333333,13.41,16.04,91.26875,84.6,96.4,1.8933125,0.88
2022-12-23,12.821041666666666,1.6,3.005333333333333,0.185,5.171,14.608625,12.49,15.88,89.20458333333333,81.7,95.3,2.1876333333333333,0.93
2022-12-24,13.0995,0.6000000000000001,1.7185666666666668,0.268,3.867,12.199375,8.67,16.76,91.37308333333334,67.89,98.3,8.975379166666666,2.31
2022-12-25,13.184875,0.0,2.496283333333333,0.361,6.493,12.605666666666668,8.78,17.98,81.51412499999999,54.76,96.3,9.614579166666665,2.92
2022-12-26,13.046166666666666,7.1,1.3635583333333334,0.091,3.975,10.277820833333333,4.86,14.0,96.28083333333333,87.6,99.5,4.566154166666666,1.0
2022-12-27,13.202958333333333,0.2,1.0484541666666667,0.153,2.919,8.186966666666667,4.607,13.99,96.55375000000001,80.6,99.9,10.7304875,2.23
2022-12-28,13.181916666666666,0.2,2.3299541666666665,0.528,6.976,10.19885,5.826,14.96,92.45225,69.21,100.0,9.654329166666667,2.26
2022-12-29,12.906375,10.5,2.6292125,0.295,6.048,11.868625,9.7,13.76,93.65166666666667,84.4,98.1,2.3653208333333335,0.75
2022-12-30,12.908125,4.7,3.1721375,0.413,6.628,13.311583333333335,9.96,17.33,90.74825000000001,70.75,97.9,3.78005,1.51
2022-12-31,13.074458333333332,0.0,3.084675,1.238,6.203,14.315499999999998,10.29,19.29,66.95679166666666,39.66,90.1,9.322862500000001,3.68
2023-01-01,13.093083333333334,0.0,2.362983333333333,0.119,6.051,12.9055,9.29,18.67,76.41833333333334,49.17,93.7,6.324895833333333,2.53
2023-01-02,13.189708333333334,5.6000000000000005,1.4073375000000001,0.129,4.697,10.07665,4.453,13.72,93.42658333333334,78.23,98.3,10.10555,2.11
2023-01-03,13.282625,0.2,1.2628291666666667,0.263,3.16,7.329329166666667,2.698,14.04,93.1775,72.8,99.2,14.810533333333332,2.98
2023-01-04,13.14375,0.0,1.9931375,0.338,4.822,10.4519875,4.559,14.43,93.88125,84.4,98.4,6.8678791666666665,1.46
2023-01-05,13.056333333333333,1.2,0.8793666666666666,0.118,2.154,11.558958333333333,9.34,14.18,95.22250000000001,83.0,98.8,6.0004,1.4
2023-01-06,13.172041666666667,0.0,1.4658291666666665,0.085,3.271,10.433354166666668,6.346,15.07,87.075125,58.93,97.4,14.673020833333334,3.36
2023-01-07,13.0455,15.9,2.6522958333333335,1.438,5.513,8.602141666666666,4.414,12.6,91.12416666666667,82.2,97.2,3.2560583333333333,0.9
2023-01-08,12.876583333333334,15.1,3.3301291666666666,1.843,6.288,10.413541666666667,9.71,11.9,90.98891666666667,66.97,97.1,-0.6403666666666666,0.7
2023-01-09,13.111583333333334,7.6000000000000005,3.4870791666666667,0.248,7.675,9.572262499999999,6.992,12.21,80.06783333333333,63.9,95.6,4.7626875,1.63
2023-01-10,13.069666666666667,3.1,2.271491666666667,0.234,5.157,10.90825,7.524,13.99,90.01666666666667,77.24,98.1,2.862275,0.96
2023-01-11,13.111583333333334,1.0,2.4556125,0.773,5.133,11.446875,8.06,14.02,85.40379166666666,68.8,93.2,8.7456125,2.2
2023-01-12,13.178083333333332,3.9,4.0642249999999995,0.988,7.09,12.230375,10.0,13.88,84.26529166666666,75.3,95.6,8.69425,2.06
2023-01-13,13.20775,2.0,2.41885,0.18,7.315,10.624841666666667,5.612,14.38,89.97783333333334,67.26,98.0,13.713966666666666,2.94
2023-01-14,13.162,0.8,3.1691291666666666,0.915,9.37,11.090612499999999,5.908,15.73,89.749375,71.43,98.6,8.522875,2.12
2023-01-15,13.204749999999999,11.0,3.705041666666667,0.835,11.11,9.115974999999999,6.587,13.0,84.69808333333334,59.45,96.0,10.821845833333333,2.65
2023-01-16,13.05825,23.0,4.833395833333333,0.528,12.65,8.072679166666667,5.946,10.86,86.09316666666668,69.92,96.4,-0.18392500000000003,0.88
2023-01-17,12.947083333333333,12.1,2.6370999999999998,0.689,7.658,6.581116666666667,4.482,8.92,87.61183333333334,76.22,98.3,-1.0511208333333333,0.29
2023-01-18,12.990041666666666,6.0,1.1824208333333333,0.141,3.563,1.2348541666666668,-1.392,5.395,94.77958333333332,81.7,99.4,1.5853625,0.38
2023-01-19,12.779541666666667,33.9,2.6392375,0.133,8.12,2.996191666666667,0.451,5.169,95.97166666666666,93.4,97.9,-3.6498375,-0.31
2023-01-20,13.164791666666668,0.2,0.6350333333333332,0.068,1.78,0.5735875,-2.194,5.857,97.4625,82.7,99.7,10.815837499999999,1.75
2023-01-21,13.351083333333333,0.1,1.2579291666666668,0.114,2.803,0.7370833333333333,-3.207,6.268,89.14554166666667,69.39,99.6,19.167550000000002,2.91
2023-01-22,13.36975,0.1,1.0518041666666667,0.211,2.296,-1.0308208333333333,-3.58,2.723,90.80279166666666,75.04,97.7,15.7301,2.22
2023-01-23,13.054833333333333,0.0,1.172,0.243,2.299,1.89605,-0.546,3.648,84.685125,74.59,93.2,5.281233333333334,0.96
2023-01-24,12.936208333333333,0.0,1.4124916666666667,0.22,2.84,3.107041666666667,2.205,4.184,85.635,81.2,95.7,3.918858333333333,0.75
2023-01-25,12.755625,0.0,0.7813,0.354,2.053,2.8253041666666667,2.101,3.744,94.43041666666666,84.8,97.4,1.7603041666666668,0.37
2023-01-26,12.934375,0.1,1.432475,0.515,4.222,2.9813666666666667,1.135,4.853,89.48583333333333,80.7,96.4,6.626154166666667,1.14
2023-01-27,13.090833333333334,0.0,2.0557083333333335,1.004,3.189,5.471933333333333,4.165,7.714,79.64808333333333,67.26,91.1,9.748608333333333,1.96
2023-01-28,13.042291666666667,0.0,1.8817791666666668,1.039,3.423,4.562408333333334,3.456,5.827,78.41991666666667,71.59,84.3,5.853195833333333,1.31
2023-01-29,13.214125,0.0,1.1986916666666665,0.124,3.583,2.439316666666667,-2.431,6.415,80.75041666666667,62.4,95.8,16.967929166666668,2.75
2023-01-30,13.271208333333334,0.0,0.8790125,0.114,2.079,2.8896583333333337,-2.826,8.36,87.462,66.27,97.9,15.4868375,2.64
2023-01-31,13.254166666666666,0.4,1.4229625000000001,0.096,4.953,6.873304166666667,1.21,12.43,92.05733333333333,75.26,98.0,15.968675,2.97
2023-02-01,13.2335,0.0,0.6037666666666667,0.109,1.65,5.944558333333333,1.005,12.18,91.66558333333334,68.93,98.9,11.807895833333333,2.38
2023-02-02,13.28725,0.1,0.7884958333333334,0.097,3.143,3.248629166666667,-1.672,11.67,85.51258333333334,52.03,98.8,19.574454166666666,3.71
2023-02-03,13.312125,0.0,0.9648833333333333,0.128,3.538,2.5907958333333334,-3.116,10.67,86.24970833333333,60.77,98.4,22.97126666666667,3.99
2023-02-04,13.245583333333334,0.2,1.1778333333333333,0.238,2.423,5.303,-1.707,10.54,87.28383333333333,69.68,99.4,9.4752875,1.81
2023-02-05,13.208374999999998,0.0,1.5404916666666668,0.257,4.451,8.1193125,3.753,11.98,76.89,54.52,89.7,16.2697,3.43
2023-02-06,13.330916666666667,0.0,1.9695333333333334,0.788,4.283,5.326062500000001,1.862,10.18,78.55454166666667,61.74,90.1,23.3874625,4.13
2023-02-07,13.294291666666668,0.0,2.559654166666667,0.687,7.463,4.3530999999999995,1.073,8.34,77.94266666666667,59.94,90.1,17.874425,3.1
2023-02-08,13.307541666666667,0.0,1.0065916666666666,0.138,2.548,3.3926458333333334,-3.579,12.02,75.80016666666667,37.34,94.6,24.456374999999998,4.57
2023-02-09,13.31275,0.0,0.73875,0.112,2.953,1.40745,-5.032,10.78,83.27645833333332,45.56,96.7,24.101008333333333,4.23
2023-02-10,13.316958333333334,0.0,0.91,0.114,2.883,1.5697833333333333,-4.937,10.82,80.81404166666667,49.21,97.5,25.1656375,4.35
2023-02-11,13.323083333333333,0.0,1.0502666666666667,0.06,3.265,2.058145833333333,-5.319,12.26,75.57775,35.13,97.0,25.919241666666668,4.73
2023-02-12,13.313041666666667,0.0,1.7063416666666666,0.068,5.334,3.644520833333333,-3.294,13.0,74.9255,39.45,94.1,25.8374625,4.86
2023-02-13,13.302625,0.0,1.2037791666666666,0.093,3.161,4.346708333333334,-2.771,15.83,79.691125,38.46,96.3,26.4525875,5.37
2023-02-14,13.303041666666667,0.1,1.9929833333333333,0.101,4.765,6.793345833333333,-2.024,15.25,79.97433333333333,53.68,96.4,23.851074999999998,4.61
2023-02-15,13.270000000000001,0.0,2.0599416666666666,0.147,5.337,8.716312499999999,1.482,17.3,78.30545833333333,40.9,96.4,25.5210375,5.63
2023-02-16,13.228250000000001,0.1,1.022025,0.077,3.518,7.6732,1.25,16.17,89.70516666666667,59.43,98.6,19.276275,4.09
2023-02-17,13.231541666666667,0.0,1.063725,0.12,3.417,9.624539748953975,3.834,16.12,88.67045833333333,53.47,98.5,21.039191666666667,4.62
2023-02-18,13.271541666666668,0.2,0.7890208333333334,0.079,1.888,9.831425,3.908,19.09,85.75108333333333,53.97,98.5,26.323066666666666,6.0
2023-02-19,13.132291666666667,0.1,1.2715708333333333,0.227,3.247,8.864420833333332,3.663,11.47,91.95833333333333,82.1,97.9,9.566754166666668,1.86
2023-02-20,13.296791666666667,0.1,1.0176625,0.061,2.958,6.049075,-2.024,15.95,87.31220833333333,57.54,98.3,25.6421875,5.04
2023-02-21,13.244666666666665,0.0,2.481708333333333,0.268,5.011,10.433116666666667,2.962,15.53,87.65233333333335,67.27,97.1,13.805495833333334,2.97
2023-02-22,13.142333333333333,5.9,1.7732999999999999,0.221,4.481,10.907291666666667,8.29,13.06,93.91583333333332,82.8,96.9,10.136295833333332,2.11
2023-02-23,13.001458333333334,23.8,1.5081041666666666,0.168,3.092,5.8447375,4.649,8.4,94.40625,89.9,97.2,5.764829166666667,1.06
2023-02-24,13.131833333333333,15.0,3.5740083333333335,0.215,7.284,6.184008333333334,3.969,8.69,94.08333333333333,88.1,97.9,7.108258333333334,1.15
2023-02-25,13.26275,0.0,2.2095,0.587,4.248,6.146765690376569,1.42,11.43,83.68924999999999,67.85,97.4,20.62259583333333,3.6
2023-02-26,13.37425,0.0,2.69565,1.351,5.158,4.3629999999999995,1.694,7.895,60.75620833333333,34.13,83.6,32.08849583333333,5.4
2023-02-27,13.391708333333334,0.0,2.3764958333333337,0.386,4.495,1.38385,-2.478,5.415,65.40362499999999,51.39,88.6,17.841600000000003,2.84
2023-02-28,13.380625,0.0,1.3489708333333332,0.093,3.913,1.1786625000000002,-3.67,6.224,67.82354166666667,41.77,87.6,30.315454166666665,4.68
2023-03-01,13.345541666666666,0.1,1.1055375,0.23,2.818,2.250854166666667,-2.205,8.34,73.686375,49.14,91.3,28.830708333333334,4.82
2023-03-02,13.323958333333334,0.0,0.913725,0.102,2.854,2.893829166666667,-3.254,10.06,78.47575,47.95,95.4,26.9393,4.68
2023-03-03,13.212541666666668,0.0,0.5363458333333334,0.067,1.439,4.731558333333334,-1.816,10.21,81.62404166666667,53.9,95.1,12.5824375,2.42
2023-03-04,13.297458333333333,0.0,0.9340583333333333,0.103,3.111,4.885820833333333,-2.048,12.95,79.63391666666666,46.6,97.1,26.163587500000002,4.96
2023-03-05,13.337291666666665,0.1,0.9039750000000001,0.07,2.535,3.1552833333333337,-3.08,11.73,80.13566666666667,49.99,97.0,33.40407916666667,5.89
2023-03-06,13.248708333333333,0.0,0.7432666666666667,0.116,2.267,2.5348208333333333,-3.785,8.07,82.14166666666667,56.19,96.7,12.370975,2.2
2023-03-07,13.08375,5.7,2.0822958333333332,0.203,4.54,4.9640125,-2.546,9.15,90.11916666666666,71.37,96.0,7.801,1.51
2023-03-08,13.137374999999999,13.9,3.548983333333333,1.46,6.845,12.338541666666666,8.79,16.57,89.37491666666666,76.23,95.8,11.560341666666666,2.61
2023-03-09,13.260333333333334,0.8,4.2474083333333335,1.022,9.77,13.179416666666667,9.69,18.61,85.028875,57.04,96.0,17.199762500000002,4.35
2023-03-10,13.214,22.1,6.109624999999999,2.508,10.32,12.11925,10.84,14.59,84.660625,70.37,95.6,11.086816666666666,2.61
2023-03-11,13.064208333333333,21.1,5.225099999999999,2.074,9.88,13.083375,12.01,14.22,95.38916666666667,91.9,96.7,-1.7200583333333335,0.12
2023-03-12,13.185791666666667,0.9,2.1975083333333334,0.577,4.452,13.193054393305438,11.31,14.99,93.92283333333333,79.08,97.4,10.620095833333332,2.39
2023-03-13,13.230208333333334,6.0,3.911529166666667,0.573,10.37,13.590499999999999,10.9,18.73,86.78545833333332,65.3,98.1,18.516579166666666,4.28
2023-03-14,13.302999999999999,8.8,4.128845833333333,0.282,11.33,11.054625,8.63,13.73,86.11179166666668,73.31,97.1,24.312395833333333,4.24
2023-03-15,13.325291666666667,0.30000000000000004,1.0411833333333333,0.101,2.969,10.5021125,6.482,16.17,88.72291666666666,68.75,98.1,25.364033333333335,5.46
2023-03-16,13.310083333333333,0.0,3.4579,1.375,7.375,13.843683333333333,7.109,22.29,72.62379166666666,48.48,91.7,32.7607375,7.76
2023-03-17,13.254625,1.1,3.0529208333333333,0.197,7.71,13.11825,8.8,18.75,80.17941666666667,52.61,96.1,19.9346375,4.92
2023-03-18,13.291083333333335,3.3000000000000003,2.6573083333333334,0.421,7.042,11.695124999999999,9.07,15.73,91.82575,73.92,96.9,14.3099,3.1
2023-03-19,13.284500000000001,0.8,1.6103666666666667,0.143,4.974,11.219375000000001,9.41,14.11,86.742875,70.73,97.4,21.534208333333332,4.52
2023-03-20,13.329583333333334,0.0,1.1026958333333332,0.146,3.353,10.712925,5.127,16.17,77.46429166666667,52.41,95.4,36.20106666666666,7.67
2023-03-21,13.301874999999999,0.0,1.4867416666666666,0.063,4.367,9.395820833333334,3.746,16.05,91.21475000000001,74.89,97.3,21.876266666666666,4.38
2023-03-22,13.268791666666667,0.1,1.2421666666666666,0.078,3.696,10.704345833333333,4.436,15.59,88.589125,68.64,98.1,,
2023-03-23,13.234666666666667,2.5,1.6450833333333332,0.165,5.136,14.675583333333332,9.53,20.55,78.94708333333332,51.99,93.7,21.32397083333333,5.45
2023-03-24,13.278458333333333,5.1000000000000005,3.9011,0.815,8.06,12.649958333333332,9.93,14.95,86.12116666666667,72.45,94.0,25.239570833333335,4.73
2023-03-25,13.285416666666666,0.5,3.542041666666667,0.266,8.66,12.908541666666668,11.36,15.39,81.271375,60.65,87.7,27.1263125,5.71
2023-03-26,13.331166666666666,5.6000000000000005,5.506495833333333,0.993,11.56,11.74375,10.01,13.76,82.32625,70.95,90.0,19.738233333333334,3.76
2023-03-27,13.339875000000001,0.1,1.4164416666666668,0.084,3.332,10.492420833333334,6.735,14.86,75.380375,48.21,96.0,25.515529166666667,5.56
2023-03-28,13.326625,0.0,2.0891375,0.2,6.238,11.471766666666667,2.716,21.17,68.65916666666666,34.23,89.8,37.244625,8.61
2023-03-29,13.250625000000001,0.0,1.939975,0.186,4.741,16.308791666666668,8.21,24.69,63.758583333333334,31.69,89.6,25.70106666666667,7.42
2023-03-30,13.289083333333334,0.0,2.8877708333333336,0.285,6.253,14.667083333333332,10.2,17.72,77.10883333333332,58.91,94.0,30.896124999999998,6.64
2023-03-31,13.307500000000001,0.0,6.652591666666667,4.269,10.8,13.700625,11.81,16.09,77.74095833333334,68.42,81.9,31.354741666666666,5.84
2023-04-01,13.346875,6.0,4.449770833333333,0.634,8.91,11.230916666666667,8.61,14.09,79.96720833333333,68.66,89.6,31.435125000000003,5.5
2023-04-02,13.286624999999999,2.5,1.76875,0.532,3.851,11.445124999999999,9.72,14.94,81.05458333333333,63.25,93.3,25.325300000000002,5.45
2023-04-03,13.355458333333333,0.0,1.7545499999999998,0.385,3.614,9.56385,3.808,14.1,75.70629166666666,55.33,93.4,43.089304166666665,8.09
2023-04-04,13.359791666666666,0.0,1.6382666666666668,0.153,4.118,7.970175,1.618,15.06,65.92733333333334,36.89,91.4,47.5830125,9.15
2023-04-05,13.326583333333334,0.0,0.9086041666666667,0.058,2.037,8.106083333333334,-1.862,16.89,65.99841666666667,24.97,94.3,44.516875,9.0
2023-04-06,13.30025,0.0,1.2739416666666665,0.149,4.237,9.976395833333333,2.991,17.28,72.39558333333333,27.8,94.7,43.34545416666666,9.27
2023-04-07,13.296208333333334,0.0,1.3881041666666667,0.155,3.387,11.1045125,2.9,18.09,72.07312499999999,42.47,97.2,43.87394166666666,9.2
2023-04-08,13.323291666666668,0.0,1.9018374999999998,0.159,4.194,12.361741666666667,5.1,19.89,59.208708333333334,30.46,88.3,47.528637499999995,10.61
2023-04-09,13.276,0.0,1.0334208333333332,0.105,3.35,13.286733333333332,3.894,23.47,59.88754166666667,22.98,92.1,42.969612500000004,10.57
2023-04-10,13.243374999999999,1.0,2.9105708333333333,0.168,5.495,12.838854166666666,7.863,16.32,86.67433333333334,73.94,96.0,21.5676125,4.29
2023-04-11,13.334,0.0,2.051433333333333,0.283,4.768,12.197866666666666,7.441,16.08,83.36979166666667,55.38,96.5,36.96268333333333,7.55
2023-04-12,13.302958333333333,3.6,4.053841666666667,0.656,7.961,11.539170833333333,6.787,14.36,76.84170833333333,57.93,92.9,29.218641666666667,5.43
2023-04-13,13.347874999999998,11.0,2.6254416666666667,0.339,8.54,8.6419,5.856,12.57,84.93720833333333,69.52,95.9,17.140370833333336,3.31
2023-04-14,13.290375000000001,12.9,4.6675,0.602,8.12,11.6446375,6.811,14.84,89.65249999999999,81.2,96.8,15.849991666666666,2.78
2023-04-15,13.360833333333334,0.0,2.0647083333333334,0.13,4.31,11.113645833333333,5.297,14.54,75.43595833333333,57.59,94.3,41.2842625,7.81
2023-04-16,13.338916666666668,0.0,1.0488291666666667,0.168,3.098,10.0624375,2.099,17.88,78.40891666666667,44.92,97.3,45.911904166666666,9.59
2023-04-17,13.338083333333334,0.0,1.53085,0.149,4.144,11.0073875,1.913,18.14,73.70145833333332,46.68,97.0,46.22649166666667,9.37
2023-04-18,13.34275,0.0,1.7409458333333334,0.22,3.716,12.434574999999999,5.74,18.4,70.47562500000001,45.32,92.5,48.415487500000005,10.25
2023-04-19,13.318333333333333,0.0,1.3837541666666666,0.214,4.039,13.1464375,2.686,21.83,66.16483333333333,38.61,95.6,49.77147083333333,11.1
2023-04-20,13.31275,0.0,1.50205,0.298,3.178,14.135029166666667,6.726,21.12,63.37145833333333,39.71,94.5,51.823454166666664,11.82
2023-04-21,13.332291666666666,0.0,1.7612416666666666,0.153,3.298,13.565145833333334,3.249,20.37,58.678,29.19,91.0,48.5589,10.74
2023-04-22,13.326916666666667,2.9,2.609075,0.257,5.408,13.344024999999998,7.552,17.04,83.11220833333333,63.67,95.4,33.132891666666666,6.65
2023-04-23,13.304458333333335,1.9000000000000001,3.887775,0.674,7.617,13.220916666666666,9.16,16.43,86.028875,74.8,92.8,24.826766666666668,4.73
2023-04-24,13.328916666666666,0.9,1.4107791666666667,0.118,3.336,11.718758333333334,5.86,15.72,82.20820833333333,56.72,96.3,24.869191666666666,5.35
2023-04-25,13.308083333333334,5.300000000000001,1.766925,0.161,3.444,12.15425,10.09,15.1,90.63308333333333,72.92,97.2,11.577708333333334,2.68
2023-04-26,13.318541666666667,0.6000000000000001,1.6791541666666667,0.172,3.569,14.305375,11.65,16.56,91.91875,82.0,97.3,18.421116666666666,4.03
2023-04-27,13.298833333333333,0.1,0.8194791666666668,0.084,2.588,16.896875,10.68,23.41,84.046375,59.37,97.5,33.00787916666666,8.41
2023-04-28,13.271208333333334,0.0,1.520125,0.123,3.654,19.71425,12.28,26.65,77.94587499999999,54.53,96.4,41.21169583333334,10.78
2023-04-29,13.236625,0.6000000000000001,1.2788958333333333,0.358,3.084,17.607666666666667,14.61,22.35,83.23658333333333,62.52,93.3,20.648654166666667,5.53
2023-04-30,13.298833333333333,0.0,1.7065458333333334,0.575,4.44,15.950833333333332,12.77,21.08,81.12716666666667,50.99,95.3,46.2263375,11.05
2023-05-01,13.30625,0.0,1.4918541666666667,0.162,4.166,13.548,6.126,18.54,83.00217573221758,63.68,95.1,34.72349583333333,7.45
2023-05-02,13.31,0.0,1.8186916666666666,0.138,4.477,14.522679166666668,3.026,22.36,67.59866666666667,40.05,97.4,56.14210416666666,12.23
2023-05-03,13.308375000000002,0.0,3.522375,1.343,6.253,19.15220833333333,10.63,26.52,53.202875,30.68,79.71,52.29653333333333,13.57
2023-05-04,13.312166666666666,0.0,2.00795,0.201,4.272,17.310794979079496,11.3,21.04,70.69641666666666,47.27,91.0,47.983275000000006,11.21
2023-05-05,13.2895,1.4,0.9609791666666666,0.133,2.635,16.021,10.26,21.44,78.36779166666666,57.38,94.2,34.32830416666666,8.44
2023-05-06,13.281708333333334,0.0,1.8621541666666666,0.174,4.745,17.059041666666666,9.42,25.14,77.99162500000001,55.75,95.5,45.28062916666667,10.99
2023-05-07,13.310791666666667,5.0,1.9635166666666666,0.168,4.8,15.973208333333334,13.01,19.6,83.052625,66.89,95.0,42.012187499999996,9.46
2023-05-08,13.343250000000001,0.0,1.0278791666666667,0.088,2.911,15.442874999999999,11.53,20.09,80.74558333333333,57.01,94.6,36.5268625,8.87
2023-05-09,13.267083333333334,11.8,2.9239208333333333,0.247,6.182,14.932958333333334,11.85,18.73,88.73979166666666,76.82,96.2,24.156970833333332,5.12
2023-05-10,13.371416666666667,2.0999999999999996,2.382995833333333,0.265,5.64,13.554416666666667,9.64,17.73,78.23979166666666,59.1,92.4,42.628825,8.89
2023-05-11,13.369875,4.5,1.4978708333333333,0.101,4.658,12.337641666666666,6.838,16.69,81.02575,55.0,96.0,40.77435,8.57
2023-05-12,13.326458333333333,1.0,1.0791541666666666,0.085,4.11,12.468866666666665,4.316,19.21,80.81866666666666,49.98,97.2,36.798475,8.17
2023-05-13,13.361916666666668,1.9,1.1227208333333332,0.158,2.788,13.053491666666668,7.146,18.19,84.154625,60.3,97.5,28.740841666666665,6.48
2023-05-14,13.344291666666667,0.1,1.3270374999999999,0.078,3.762,14.572624999999999,8.44,20.86,83.38458333333332,56.73,97.5,51.91200833333333,11.79
2023-05-15,13.326041666666667,0.0,1.8264,0.353,3.78,14.857,11.79,19.26,82.02716666666667,57.16,95.9,37.779720833333336,8.68
2023-05-16,13.362333333333334,0.0,1.7963458333333333,0.303,3.838,13.551620833333335,7.38,18.42,64.12120833333333,34.96,90.5,59.21330416666667,12.73
2023-05-17,13.348,0.0,1.5564375000000001,0.19,3.733,13.065533333333333,4.936,19.57,63.19175,38.66,92.9,46.601795833333334,10.26
2023-05-18,13.346333333333332,0.0,1.3766416666666668,0.128,3.025,13.194245833333333,6.489,19.15,65.29270833333334,40.57,92.0,45.60275,10.22
2023-05-19,13.3455,0.0,1.4136833333333334,0.235,2.988,13.817762499999999,4.67,21.4,70.85,39.38,94.9,51.581670833333334,11.61
2023-05-20,13.333708333333334,0.0,1.1956125,0.285,2.439,13.901275,7.545,20.58,78.31725,56.54,91.5,25.790541666666666,6.23
2023-05-21,13.293291666666667,3.0,0.6524125000000001,0.103,1.195,15.254833333333332,10.64,19.01,89.48541666666667,76.0,96.0,14.34305,3.54
2023-05-22,13.279333333333334,2.7,0.7847791666666667,0.16,3.726,18.032791666666665,14.66,24.46,85.74791666666667,56.77,96.8,29.39482083333333,7.97
2023-05-23,13.321041666666668,0.0,1.6022458333333334,0.813,3.606,18.14241666666667,14.2,23.28,79.83645833333334,62.27,95.7,51.23397083333334,12.55
2023-05-24,13.319416666666665,0.0,1.6273791666666668,0.715,3.272,17.776625000000003,12.72,23.4,66.60233333333333,42.0,89.6,57.020999999999994,14.17
2023-05-25,13.363291666666667,0.0,1.8208625,0.188,5.351,15.940083333333332,9.62,20.96,61.38633333333333,40.54,86.5,48.08580833333333,11.31
2023-05-26,13.290875,0.0,1.4515625,0.165,3.388,20.098333333333336,10.2,27.42,64.65641666666666,40.77,90.7,52.629191666666664,13.76
2023-05-27,13.263333333333332,0.0,1.1833125,0.243,2.901,22.574708333333334,13.39,30.15,63.69358333333333,34.42,90.1,59.37556666666667,16.61
2023-05-28,13.267375,0.0,1.1915708333333332,0.413,3.313,22.874291666666668,13.96,30.04,64.35020833333333,34.49,90.0,58.2729125,16.38
2023-05-29,13.270708333333333,0.0,1.1057458333333334,0.261,4.272,22.309458333333335,13.36,29.83,63.995125,30.09,96.0,44.3681125,12.78
2023-05-30,13.275541666666667,0.0,1.2576208333333334,0.286,3.164,21.848833333333335,13.83,29.52,60.09570833333333,33.96,85.9,56.76830833333334,15.9
2023-05-31,13.278125,0.0,1.2634041666666667,0.363,2.707,21.623833333333334,13.99,28.85,59.77108333333333,32.8,85.1,60.08143333333333,16.65
2023-06-01,13.272124999999999,14.200000000000001,2.4545083333333335,0.17,4.813,19.690958333333334,15.23,25.6,77.100375,47.77,95.9,40.033970833333335,10.54
2023-06-02,13.280291666666667,0.1,1.1215333333333333,0.121,3.712,21.73391666666667,12.97,28.57,68.96975,40.31,97.1,50.826966666666664,13.94
2023-06-03,13.280375,0.0,1.1229875,0.317,3.252,21.9585,13.63,29.52,66.80716666666666,37.02,92.4,58.962495833333335,16.36
2023-06-04,13.28975,8.2,1.312075,0.123,7.206,19.584435146443514,14.43,25.81,81.5045,53.89,94.2,32.404495833333335,8.83
2023-06-05,13.280791666666666,3.3,0.8992083333333334,0.126,3.672,20.44904166666667,12.71,28.43,79.5745,45.16,96.7,50.489558333333335,13.8
2023-06-06,13.269625,0.0,1.161375,0.123,3.472,21.82016666666667,14.22,29.33,70.63604166666667,39.07,95.1,50.20820416666666,14.09
2023-06-07,13.27525,0.0,2.23235,0.207,4.954,22.81673640167364,15.0,28.99,66.51445833333334,41.81,92.4,55.339845833333335,14.99
2023-06-08,13.2875,2.5,1.9990166666666667,0.248,4.147,22.87725,19.65,27.66,77.75054166666668,55.9,90.1,35.94354166666667,10.23
2023-06-09,13.261125,32.7,1.6804166666666667,0.136,4.608,20.302208333333333,17.17,24.51,87.33804166666667,75.02,95.7,24.55278333333333,6.45
2023-06-10,13.282833333333334,0.0,1.0586375000000001,0.089,2.711,21.208916666666667,15.82,27.11,80.36429166666667,55.91,97.2,58.1372,15.64
2023-06-11,13.272791666666667,0.0,1.0314875,0.089,2.648,21.073458333333335,15.66,27.56,76.15816666666666,45.4,97.2,58.926270833333334,16.1
2023-06-12,13.285625000000001,0.5,1.240025,0.146,3.666,19.605,15.36,23.39,85.013625,71.23,95.5,24.10099166666667,6.32
2023-06-13,13.279958333333333,7.4,1.03135,0.098,3.097,19.8,17.07,24.35,88.74145833333334,67.67,96.4,31.260291666666667,8.4
2023-06-14,13.296249999999999,0.0,1.8502708333333333,0.128,4.606,20.816291666666665,16.45,26.36,81.413625,59.76,95.8,58.332274999999996,14.95
2023-06-15,13.312375,0.0,1.9030625,0.152,3.865,19.59333333333333,16.25,22.69,77.73116666666667,64.9,88.5,43.254020833333335,10.74
2023-06-16,13.300791666666667,0.0,0.8564624999999999,0.201,2.03,19.88179166666667,13.33,27.1,79.54754166666666,52.24,95.2,50.256616666666666,13.52
2023-06-17,13.23425,3.9,1.22465,0.12,3.473,22.15491666666667,15.16,29.81,78.66216666666666,42.11,95.9,40.444100000000006,11.67
2023-06-18,13.301541666666667,0.0,1.7551875000000001,0.146,4.866,20.347291666666667,16.51,24.99,86.98566666666667,71.58,97.5,39.439775000000004,10.0
2023-06-19,13.281666666666666,10.4,1.49025,0.183,4.997,21.664041666666666,16.34,27.71,83.088375,57.61,95.9,38.56245,10.6
2023-06-20,13.208541666666667,10.3,1.49175,0.154,4.828,20.175416666666667,17.26,24.29,88.03929166666667,68.46,95.7,30.891079166666668,8.15
2023-06-21,13.276833333333334,34.4,1.0202375,0.151,4.753,19.951583333333335,15.98,24.29,88.52716666666667,69.95,96.4,27.224674999999998,7.27
2023-06-22,13.2705,6.4,1.8046499999999999,0.097,4.399,20.383708333333335,15.67,24.55,87.14566666666666,69.81,96.4,54.290216666666666,13.33
2023-06-23,13.296625,0.2,0.8954749999999999,0.138,3.583,20.04870833333333,12.24,26.32,76.84895833333333,47.9,97.7,59.365408333333335,15.56
2023-06-24,13.261958333333332,0.0,1.2683916666666666,0.115,3.708,22.685458333333333,13.23,30.13,69.62829166666667,36.51,96.7,62.897845833333335,17.35
2023-06-25,13.272083333333335,0.0,1.6729333333333334,0.083,4.906,21.644458333333333,14.57,28.94,79.53475,49.2,96.2,57.42485,15.39
2023-06-26,13.303625,0.0,0.9623666666666666,0.084,3.42,19.728666666666665,13.35,25.57,76.77558333333333,49.85,96.8,58.79405,15.36
2023-06-27,13.300791666666667,0.0,0.7892666666666667,0.072,2.119,19.373416666666667,11.5,26.39,73.51945833333333,44.87,97.3,48.661345833333336,12.92
2023-06-28,13.281208333333332,0.0,0.9353166666666667,0.144,2.866,20.438,12.96,27.95,71.16795833333335,40.28,94.7,56.628416666666666,15.39
2023-06-29,13.302875,0.0,1.5827208333333334,0.176,3.909,19.644541666666665,14.28,24.52,80.36329166666665,56.24,96.4,49.774520833333334,12.57
2023-06-30,13.308916666666667,2.5,2.0163458333333333,0.389,4.48,18.299208333333336,14.56,21.44,77.66441666666667,50.17,96.2,42.30634166666667,10.32
2023-07-01,13.291916666666667,6.4,2.5273,0.853,4.66,19.524166666666666,18.07,21.56,89.10674999999999,70.0,96.5,28.570895833333335,7.0
2023-07-02,13.308166666666667,0.1,1.3104083333333334,0.144,4.138,19.700541666666666,14.25,23.24,81.82479166666667,57.81,96.7,54.68924583333333,13.65
2023-07-03,13.298541666666667,0.0,1.6211708333333334,0.152,4.223,18.929125,13.0,23.84,83.58491666666667,62.68,97.2,41.958391666666664,10.35
2023-07-04,13.298166666666667,1.4000000000000001,2.5368583333333334,0.147,5.583,19.498916666666666,13.57,24.17,84.92433333333334,64.67,97.9,45.74117083333333,10.74
2023-07-05,13.3255,1.9000000000000001,0.9390333333333333,0.098,2.763,18.247791666666668,12.35,22.6,84.0685,55.18,97.0,35.14427916666667,8.98
2023-07-06,13.296833333333332,0.0,0.8273875,0.163,1.874,18.819583333333334,10.71,26.45,74.32683333333333,43.96,97.6,51.337695833333335,13.49
2023-07-07,13.255208333333334,0.0,2.5410583333333334,0.191,5.168,24.06341666666667,14.13,32.53,68.88079166666667,40.19,94.0,58.69748333333334,16.48
2023-07-08,13.287125,0.0,1.2794416666666666,0.224,3.184,21.874291666666668,16.66,27.74,79.14079166666667,60.15,93.3,45.1953875,12.36
2023-07-09,13.269625,0.0,1.2021458333333332,0.1,3.403,21.803625,16.36,27.1,74.59925,47.52,93.6,56.0376625,15.26
2023-07-10,13.268875000000001,0.0,0.8991916666666667,0.16,2.349,22.623,16.36,29.55,72.63137499999999,47.81,95.8,56.9255875,16.07
2023-07-11,13.245875000000002,0.0,1.2261333333333333,0.228,3.636,20.869416666666666,16.32,27.11,78.74770833333334,56.46,94.5,33.759966666666664,9.42
2023-07-12,13.245416666666667,0.30000000000000004,0.9000208333333333,0.124,3.172,19.342458333333333,14.26,24.37,83.408125,55.43,96.3,27.54795,7.47
2023-07-13,13.293875000000002,0.1,0.7981250000000001,0.082,2.196,18.046625,10.28,24.57,76.816125,52.68,97.4,47.15760833333333,12.01
2023-07-14,13.26225,0.0,2.144775,0.144,4.993,22.345291666666665,12.01,31.65,66.86483333333334,27.62,97.0,60.42012916666667,16.97
2023-07-15,13.269166666666667,4.7,1.9240166666666667,0.203,4.974,19.590916666666665,14.54,22.62,81.87529166666667,63.87,94.9,25.735745833333333,6.6
2023-07-16,13.314041666666666,0.0,1.4740499999999999,0.121,3.25,18.799208333333336,12.92,23.63,73.58016666666667,45.64,95.0,46.63163333333333,11.83
2023-07-17,13.281583333333334,0.0,0.9107875,0.112,2.19,20.590291666666666,16.56,26.08,72.39204166666667,43.95,91.4,39.17657916666667,10.99
2023-07-18,13.242750000000001,0.0,1.5070416666666666,0.248,84.1,22.425083333333337,14.96,30.67,65.89,42.16,90.2,56.071504166666664,15.78
2023-07-19,13.287083333333333,0.0,1.4513208333333334,0.057,84.3,18.947916666666668,11.78,25.05,78.08020833333333,54.36,96.8,53.02408333333334,13.23
2023-07-20,13.305958333333333,0.0,1.3599416666666668,0.118,4.014,18.744083333333332,12.96,24.99,78.05408333333334,49.4,97.2,47.79152083333334,12.29
2023-07-21,13.292541666666667,0.0,1.3637208333333333,0.117,3.734,18.830958333333335,12.9,24.42,74.71225,53.04,93.8,54.0951125,13.62
2023-07-22,13.291,0.0,1.2892458333333332,0.078,3.83,18.377208333333332,10.92,24.34,79.018125,58.03,96.2,48.349174999999995,11.95
2023-07-23,13.290416666666665,0.0,1.3516249999999999,0.238,3.173,19.570958333333333,14.68,24.35,84.10645833333334,63.12,96.2,25.207829166666667,6.75
2023-07-24,13.289,3.5,2.7778291666666663,0.233,6.249,20.019000000000002,17.11,23.09,80.52837500000001,63.11,94.4,39.142475,9.54
2023-07-25,13.308666666666666,0.0,2.013,0.153,4.839,18.011833333333335,13.95,21.63,73.53483333333334,55.72,92.8,41.92564166666667,10.12
2023-07-26,13.296875,1.1,1.9520958333333334,0.072,4.533,18.332041666666665,13.75,23.01,85.65658333333334,66.02,96.1,33.870895833333336,8.29
2023-07-27,13.26075,0.0,1.598125,0.121,3.737,20.480375,13.83,27.26,80.56637500000001,55.43,97.6,56.631949999999996,14.63
2023-07-28,13.263666666666667,0.1,2.186775,0.161,4.763,21.81025,16.57,26.43,82.76208333333334,60.65,95.9,44.7328125,11.56
2023-07-29,13.245624999999999,5.3,1.9211291666666668,0.149,6.552,20.676041666666666,14.62,25.73,87.25604166666668,72.22,96.2,36.08640833333333,9.07
2023-07-30,13.288791666666667,0.0,1.3564416666666665,0.082,3.763,18.039708333333333,12.4,23.6,77.40191666666666,51.98,97.0,49.85307916666667,12.42
2023-07-31,13.286375,0.0,2.567675,0.222,5.903,19.416333333333334,12.44,24.07,78.85833333333333,59.64,95.6,52.62393333333333,12.2
2023-08-01,13.282125,10.6,2.9985791666666666,0.927,5.183,20.914225941422593,18.95,23.53,83.52674999999999,68.61,96.0,40.654875,9.81
2023-08-02,13.255583333333334,5.9,4.707508333333333,2.544,7.821,20.739416666666667,17.18,22.41,82.219625,64.63,95.0,26.977170833333332,6.53
2023-08-03,13.31475,9.4,2.8764875,0.976,6.654,17.97941666666667,15.77,21.05,83.02725000000001,68.18,94.2,29.9534875,7.07
2023-08-04,13.279416666666666,2.8000000000000003,1.6622625,0.171,4.288,17.335916666666666,12.22,20.84,79.89004166666668,60.0,94.5,30.57499166666667,7.43
2023-08-05,13.330791666666666,3.8000000000000003,2.2042458333333332,0.157,6.111,16.25675,11.0,20.7,87.34104166666665,70.33,96.9,21.387616666666666,5.06
2023-08-06,13.306291666666668,0.0,1.3094875,0.087,4.281,16.734125,10.32,21.44,76.94729166666666,51.74,95.4,46.9035875,11.17
2023-08-07,13.283541666666668,0.0,0.7797875,0.119,1.909,16.635295833333334,7.888,24.6,74.11670833333332,39.12,97.5,48.82528333333333,12.32
2023-08-08,13.250833333333333,0.0,0.8285791666666668,0.108,2.103,18.585874999999998,9.18,28.29,70.19816666666667,37.93,97.4,54.41589166666667,14.48
2023-08-09,13.237374999999998,0.0,1.4902416666666667,0.102,3.77,21.721708333333332,8.79,31.66,61.33583333333333,29.32,96.8,54.48914166666667,15.21
2023-08-10,13.25675,0.0,1.8752166666666668,0.083,4.853,21.388666666666666,16.41,26.23,80.54533333333333,62.58,96.3,45.810291666666664,11.86
2023-08-11,13.2455,0.0,0.9296000000000001,0.068,3.276,20.891875000000002,14.77,29.55,83.09958333333334,52.66,97.7,36.34283333333334,10.35
2023-08-12,13.257624999999999,0.0,0.864675,0.029,2.375,20.238083333333336,16.81,24.55,86.956125,62.87,97.1,18.195558333333334,5.15
2023-08-13,13.2365,0.0,0.7963041666666667,0.118,1.94,20.938333333333333,17.19,26.4,75.83825,58.03,94.6,34.733983333333335,9.73
2023-08-14,13.251875,2.7,0.7378541666666667,0.12,2.367,20.274208333333334,15.76,26.56,77.32583333333334,54.39,93.7,21.94557916666667,6.34
2023-08-15,13.259375,0.1,1.0146291666666667,0.218,2.118,20.247958333333333,15.96,26.21,83.47291666666666,61.56,96.8,31.618241666666666,8.69
2023-08-16,13.238499999999998,0.6000000000000001,0.8243625,0.166,2.483,21.49458333333333,15.65,28.99,78.405625,53.22,97.0,35.69189166666667,10.19
2023-08-17,13.2265,0.0,1.0117916666666666,0.103,3.046,23.599666666666668,16.26,32.4,77.21691666666668,50.97,96.7,46.10452083333333,13.49
2023-08-18,13.191583333333334,0.0,1.0842500000000002,0.103,3.542,23.996458333333333,18.74,32.8,78.9835,51.38,95.7,39.0627,11.81
2023-08-19,13.215791666666666,0.0,0.8860333333333333,0.086,2.225,24.178083333333333,17.71,31.28,75.38083333333334,48.67,96.8,46.031954166666665,13.51
2023-08-20,13.203958333333333,0.0,1.2211208333333334,0.275,2.768,25.153583333333334,18.47,33.77,68.884875,42.18,92.4,48.71508403361345,14.8
2023-08-21,13.196708333333333,0.0,1.2568166666666667,0.349,2.509,26.614541666666664,19.61,35.17,62.86408333333333,41.1,81.5,39.91912738853503,12.8
2023-08-22,13.197958333333334,0.0,0.9117791666666667,0.088,3.113,25.964833333333335,18.44,33.72,67.98966666666666,46.11,91.2,62.66324675324675,18.68
2023-08-23,13.192083333333333,0.0,0.9129916666666666,0.116,3.65,27.00475,19.37,35.0,73.36425,48.54,93.3,7.398666666666666,3.11
2023-08-24,13.17875,0.0,2.154925,0.15,5.718,27.71920833333333,21.76,37.24,69.32691666666666,26.95,93.3,,
2023-08-25,13.246875,0.2,1.9784583333333332,0.053,4.17,20.181916666666666,14.11,23.34,79.46625,56.2,93.8,,
2023-08-26,13.269708333333334,0.4,1.4202708333333334,0.074,4.408,18.075708333333335,12.86,23.86,77.98516666666666,50.67,96.2,,
2023-08-27,13.275916666666665,1.9999999999999998,1.35535,0.072,3.76,17.665625,12.91,22.6,77.40929166666666,51.74,97.6,,
2023-08-28,13.278708333333332,2.0,1.5995833333333331,0.122,3.98,18.352041666666665,12.17,22.66,77.77258333333333,53.5,96.1,,
2023-08-29,13.285083333333334,0.0,0.8796041666666666,0.072,3.068,16.193458333333332,11.11,20.8,81.82166666666667,61.5,97.3,,
2023-08-30,13.286375,1.4,1.2635791666666667,0.131,4.509,15.839625000000002,10.19,21.74,82.65895833333335,61.2,97.0,,
2023-08-31,13.252208333333334,1.4000000000000001,1.809725,0.141,4.386,17.794833333333333,10.82,23.96,87.97583333333334,65.02,96.8,,
2023-09-01,13.236500000000001,8.8,1.1141083333333335,0.073,3.817,20.630166666666664,14.22,27.93,80.12795833333332,50.93,98.7,,
2023-09-02,13.236833333333333,3.1,1.0408250000000001,0.206,3.122,21.095666666666666,17.18,27.51,85.75691666666667,57.15,97.7,,
2023-09-03,13.235916666666666,0.1,1.7308124999999999,0.098,5.158,23.109583333333333,15.57,29.99,70.80333333333333,37.09,98.4,,
2023-09-04,13.207666666666666,0.0,1.6180583333333334,0.137,4.44,25.344125000000002,18.29,34.06,56.19704166666667,26.43,86.7,,
2023-09-05,13.196958333333333,0.0,0.8919333333333334,0.088,3.093,23.784333333333333,16.6,32.65,68.008,39.11,91.5,,
2023-09-06,13.212333333333333,0.0,1.3318416666666666,0.118,3.52,23.782541666666667,17.05,31.56,68.55799999999999,38.15,92.1,,
2023-09-07,13.21475,0.0,1.2416375,0.089,2.854,24.12458333333333,18.29,31.83,64.868,36.69,91.7,,
2023-09-08,13.204916666666666,0.0,1.2696583333333333,0.09,2.929,24.349249999999998,17.5,33.05,60.931666666666665,27.28,88.4,,
2023-09-09,13.19975,0.1,1.4241375,0.105,4.255,24.517208333333333,17.01,34.06,55.455333333333336,29.45,89.3,,
2023-09-10,13.175875,0.2,1.2036041666666668,0.178,2.875,23.161416666666664,19.11,29.31,79.98270833333332,54.92,96.3,,
2023-09-11,13.196916666666668,4.3,1.1203208333333334,0.19,4.4,21.366291666666665,18.07,27.19,87.79733333333334,63.5,97.0,,
2023-09-12,13.190833333333334,13.4,1.0962375,0.073,3.129,19.836291666666668,15.83,23.54,91.51608333333334,73.42,97.9,,
2023-09-13,13.255125,0.0,1.0357041666666666,0.101,3.071,17.992875,12.01,24.17,84.02270833333334,62.36,98.5,,
2023-09-14,13.243541666666665,0.0,0.7448458333333333,0.072,2.858,18.089499999999997,9.8,26.14,80.37049999999999,53.62,98.4,,
2023-09-15,13.198125000000001,12.0,1.5652916666666667,0.083,4.338,20.157125,12.76,28.83,81.95620833333334,48.84,98.4,,
2023-09-16,13.206375000000001,0.0,1.6035916666666667,0.094,3.777,22.128458333333334,17.26,28.58,79.800375,48.0,98.3,,
2023-09-17,13.191041666666667,4.8,1.3931499999999999,0.212,6.459,19.819791666666667,14.71,27.07,90.39920833333333,64.83,97.4,,
2023-09-18,13.262958333333334,2.3000000000000003,1.9439833333333332,0.126,5.993,18.680833333333332,14.87,24.22,88.64075,67.91,98.3,,
2023-09-19,13.268166666666668,0.30000000000000004,1.3193166666666667,0.129,4.206,17.463666666666665,12.1,23.54,85.5435,63.23,98.5,,
2023-09-20,13.250083333333333,0.0,1.5317333333333332,0.073,5.431,17.761625,11.05,25.61,85.849625,58.14,98.6,,
2023-09-21,13.137541666666667,16.7,2.2199999999999998,0.085,6.156,17.295416666666664,15.88,20.96,85.87841666666667,59.1,97.7,,
2023-09-22,13.251,6.5,1.8502583333333333,0.176,6.095,15.29723849372385,10.5,20.35,82.91595833333334,54.4,97.0,,
2023-09-23,13.278958333333332,0.2,0.9398375,0.128,4.165,14.265416666666665,8.7,21.09,80.51241666666667,47.67,98.1,,
2023-09-24,13.273875,0.0,1.4878666666666667,0.083,4.418,14.547345833333333,6.54,23.38,79.48516666666666,48.24,98.7,,
2023-09-25,13.23525,0.0,0.6968624999999999,0.073,2.446,16.518075,7.352,26.63,77.82445833333333,33.72,98.6,,
2023-09-26,13.233833333333333,0.0,0.9757458333333333,0.09,2.6,17.532125,9.63,26.67,81.570125,51.97,97.7,,
2023-09-27,13.215666666666667,0.2,1.7362583333333332,0.151,5.324,19.401625000000003,12.76,29.2,84.05758333333333,43.96,98.9,,
2023-09-28,13.229625,0.0,1.2581541666666667,0.093,4.137,19.54508333333333,14.1,28.76,82.35758333333334,45.15,98.4,,
2023-09-29,13.241291666666665,0.0,0.6182041666666667,0.077,2.491,18.787249999999997,14.33,23.74,89.31954166666667,74.46,98.7,,
2023-09-30,13.212666666666667,0.0,1.0715458333333332,0.11,2.449,20.485458333333334,13.57,27.29,82.58275,56.68,98.4,,
2023-10-01,13.212250000000001,0.0,1.118575,0.092,2.906,21.440625,14.46,30.92,76.51229166666667,39.63,95.5,,
2023-10-02,13.205916666666667,0.0,1.7689916666666667,0.231,3.641,22.499708333333334,14.22,32.92,71.91658333333334,33.67,97.1,,
2023-10-03,13.24075,0.7,1.2351583333333334,0.117,4.151,17.819666666666667,8.13,22.85,84.71383333333333,64.63,97.2,,
2023-10-04,13.258583333333332,0.2,0.8824708333333333,0.102,2.719,13.847987499999999,6.181,22.58,79.60920833333333,40.72,98.7,,
2023-10-05,13.255083333333333,0.0,0.7086166666666667,0.096,2.653,12.913758333333334,4.036,23.03,78.41633333333334,37.75,97.9,,
2023-10-06,13.237,0.1,0.5009583333333334,0.078,1.554,14.1089375,2.937,26.58,75.9315,34.12,98.2,,
2023-10-07,13.240041666666666,0.0,0.9982541666666667,0.102,3.33,14.167516666666668,3.748,26.76,74.83091666666665,32.79,98.4,,
2023-10-08,13.210541666666668,0.0,0.6856458333333334,0.095,2.217,15.806929166666666,4.377,29.74,72.09029166666666,29.46,97.7,,
2023-10-09,13.212124999999999,0.0,0.8842166666666667,0.082,3.433,16.930191666666666,7.521,28.8,76.32158333333334,37.31,97.3,,
2023-10-10,13.205708333333332,0.4,0.6928083333333334,0.038,2.823,17.2615,10.91,27.71,81.66116666666667,32.76,98.7,,
2023-10-11,13.205,0.1,0.7603333333333333,0.119,2.492,16.971791666666668,8.64,29.72,78.1015,30.52,98.9,,
2023-10-12,13.207249999999998,0.0,0.8601708333333333,0.105,2.443,17.947666666666667,9.22,29.19,76.82745833333334,39.02,95.7,,
2023-10-13,13.195375,0.30000000000000004,2.900475,0.153,6.188,19.709583333333335,13.61,26.91,74.69691666666667,47.65,90.7,,
2023-10-14,13.246708333333334,0.1,1.0257,0.11,3.71,15.388333333333332,10.1,18.63,82.10100000000001,57.03,96.5,,
2023-10-15,13.261541666666666,0.0,1.8811375000000001,0.093,4.163,13.4365,8.5,17.26,66.67945833333333,45.68,91.7,,
2023-10-16,13.263291666666667,0.0,1.8777875,0.268,3.421,14.2689875,6.157,21.74,67.05604166666667,43.76,88.3,,
2023-10-17,13.222791666666666,0.0,3.5275916666666665,1.19,6.18,20.210583333333332,14.32,26.07,71.65166666666667,56.02,85.7,,
2023-10-18,13.179458333333335,4.5,3.6302499999999998,0.295,7.481,19.03654166666667,15.83,21.61,85.58658333333332,75.94,93.8,,
2023-10-19,13.171791666666667,13.700000000000001,2.6826291666666666,0.524,7.612,17.845041666666667,14.21,22.54,82.41662500000001,55.58,95.7,,
2023-10-20,13.155333333333335,32.2,5.1954,0.912,11.68,15.388583333333333,13.11,19.06,87.76983333333332,72.0,96.7,,
2023-10-21,13.238791666666666,19.8,3.371258333333333,0.395,7.222,13.369416666666666,9.63,16.66,84.93675,71.05,96.6,,
2023-10-22,13.238291666666667,0.30000000000000004,1.8706208333333334,0.35,4.053,13.046875,8.41,18.08,84.75520833333333,63.26,97.7,,
2023-10-23,13.196791666666666,12.6,1.6580458333333332,0.23,5.104,13.633208333333332,11.31,17.3,90.94875,80.6,96.1,,
2023-10-24,13.240874999999999,8.7,2.7852041666666665,0.214,7.298,14.463666666666667,10.48,18.06,85.71591666666667,67.62,97.6,,
2023-10-25,13.08625,11.700000000000001,5.5496875,2.554,8.88,16.718458333333334,14.91,18.26,90.605,81.1,96.3,,
2023-10-26,12.878333333333334,22.400000000000002,3.0205583333333332,0.918,7.642,15.324250000000001,13.35,17.8,91.756625,77.45,96.8,,
2023-10-27,13.150416666666667,8.6,4.972729166666666,0.778,9.83,14.877,11.97,17.37,81.106125,63.75,93.6,,
2023-10-28,13.172291666666666,18.8,3.7485291666666667,1.512,7.225,16.074708333333334,12.97,19.46,79.762375,62.73,94.1,,
2023-10-29,13.070124999999999,16.3,2.6678458333333332,0.766,5.312,13.651125,12.27,15.0,94.97583333333334,89.9,97.0,,
2023-10-30,13.146556016597511,13.8,3.1521784232365144,0.215,8.43,13.741244813278009,12.08,17.1,87.52232365145228,62.86,97.6,,
2023-10-31,13.273958333333333,1.8,3.5469416666666667,0.709,8.76,14.871291666666668,10.83,18.19,84.11149999999999,72.74,93.4,,
2023-11-01,13.217625,8.100000000000001,4.033341666666667,0.308,8.48,13.925916666666666,11.14,17.02,82.10525,67.01,95.4,,
2023-11-02,13.171375000000001,28.5,4.945675,0.62,8.66,12.243291666666666,8.37,16.21,79.295875,63.05,93.4,,
2023-11-03,13.175666666666666,20.7,3.091379166666667,0.536,7.78,10.839458333333333,8.06,14.62,87.31304166666668,66.02,96.7,,
2023-11-04,13.122874999999999,38.1,8.0114,1.078,16.85,13.883333333333333,10.42,16.48,83.321875,62.37,97.0,,
2023-11-05,13.212541666666668,18.6,5.422104166666667,0.797,14.44,13.2675,11.02,15.2,83.63066666666667,72.02,93.2,,
2023-11-06,13.158625,27.2,3.373720833333333,0.336,7.413,11.031125,9.51,12.78,87.64975,77.38,93.6,,
2023-11-07,13.090125,18.5,2.0396041666666664,0.173,4.263,9.762020833333334,7.849,12.84,92.40124999999999,79.54,97.0,,
2023-11-08,13.224124999999999,6.8,2.428166666666667,0.365,5.002,11.678783333333334,7.437,16.22,89.35541666666667,68.84,97.9,,
2023-11-09,13.201208333333334,17.3,3.7846375,0.501,7.863,12.762666666666666,10.81,15.46,89.26520833333333,71.06,96.8,,
2023-11-10,13.236833333333333,2.2,2.9127708333333335,0.248,7.679,11.894666666666666,8.24,14.97,81.02766666666666,60.71,94.5,,
2023-11-11,13.207500000000001,15.200000000000001,2.742195833333333,0.091,8.9,11.683225,7.159,16.67,91.79424999999999,76.71,97.8,,
2023-11-12,13.036333333333333,2.0,4.094516666666666,0.903,7.475,15.782,13.85,16.68,88.715375,78.37,95.7,,
2023-11-13,12.894666666666666,12.0,4.014195833333334,0.666,8.62,15.932833333333333,13.28,17.43,93.44958333333334,81.8,96.2,,
2023-11-14,12.884791666666667,17.7,3.6120083333333333,0.519,7.183,15.673916666666665,11.83,17.24,94.90041666666666,89.0,97.5,,
2023-11-15,13.194625,0.1,1.0923375,0.17,3.553,12.279083333333334,8.56,16.58,89.37308333333334,66.99,98.1,,
2023-11-16,13.202583333333333,5.4,4.585441666666667,0.536,9.98,14.115,11.32,16.5,84.49666666666667,73.38,96.9,,
2023-11-17,13.21926724137931,0.7000000000000001,1.0910991379310344,0.153,5.131,11.738922413793103,8.7,16.28,91.12439655172415,70.98,97.3,,
2023-11-18,13.271041666666667,0.0,1.2765541666666667,0.085,2.828,12.115416666666667,8.56,17.43,90.53829166666667,72.43,96.5,,
2023-11-19,13.125875,0.9000000000000001,1.4157208333333335,0.112,5.209,14.017833333333334,10.41,17.07,95.63958333333333,89.7,97.8,,
2023-11-20,13.170125,1.7,1.4746791666666668,0.098,3.916,11.168875000000002,7.501,14.89,91.33874999999999,75.84,98.6,,
2023-11-21,13.187416666666667,2.0,1.0291458333333334,0.191,2.535,11.705625,9.86,14.46,91.05679166666667,79.93,97.9,,
2023-11-22,13.176874999999999,0.0,1.5322125,0.711,2.394,10.2593625,6.693,13.37,82.79416666666665,66.0,93.2,,
2023-11-23,13.24925,0.0,0.6417708333333334,0.11,1.497,7.896729166666666,1.913,11.18,89.91545833333333,74.55,95.8,,
2023-11-24,12.922083333333335,0.1,0.7472875,0.101,1.978,10.476208333333334,9.49,12.07,93.25874999999999,81.6,97.1,,
2023-11-25,13.249708333333333,0.0,1.0601125,0.161,3.208,5.3680375,0.139,9.78,84.832875,64.31,95.8,,
2023-11-26,13.330625,0.1,1.1385291666666668,0.063,4.168,3.305266666666667,-1.012,8.27,85.68362499999999,60.95,96.7,,
2023-11-27,13.006541666666667,7.3,2.697058333333333,0.126,5.334,9.158341666666667,3.793,13.77,92.07541666666665,83.7,97.9,,
2023-11-28,13.194875,3.7,1.0894916666666667,0.105,3.708,8.18145,1.085,11.69,86.976125,56.99,97.1,,
2023-11-29,13.154791666666666,14.6,1.8038916666666667,0.093,4.026,3.83135,-0.229,7.044,95.06458333333333,81.7,98.5,,
2023-11-30,12.845666666666666,8.6,1.1786208333333335,0.149,3.508,9.2121,7.073,11.15,97.97791666666667,96.2,98.8,,
2023-12-01,12.941166666666668,4.3,0.9423375,0.117,2.673,7.9237125,4.783,9.79,96.4525,91.9,98.2,,
2023-12-02,13.141375,0.1,0.8222625,0.15,2.857,3.3193875,0.44,7.942,91.44225,70.3,97.5,,
2023-12-03,13.313333333333333,0.4,3.4513958333333337,1.02,5.704,4.161858333333333,0.133,8.35,88.07791666666667,74.32,96.9,,
2023-12-04,13.105583333333334,12.1,4.833725,1.41,9.31,9.906204166666667,5.959,13.54,82.13449999999999,60.02,94.6,,
2023-12-05,13.195166666666667,3.3,1.6934166666666668,0.147,6.238,8.775791666666667,6.243,12.35,84.4765,61.83,96.8,,
2023-12-06,13.244,0.1,2.3096166666666664,0.113,5.463,5.434475,1.967,9.67,94.09112499999999,76.9,98.6,,
2023-12-07,13.002083333333333,16.5,3.3827333333333334,1.671,5.691,8.078312500000001,3.345,14.11,93.43829166666666,78.3,98.3,,
2023-12-08,13.169666666666666,1.2000000000000002,1.658175,0.404,4.472,11.142083333333334,8.25,14.73,89.707375,71.83,97.2,,
2023-12-09,12.892166666666666,17.5,4.382820833333333,1.097,10.89,12.180708333333333,8.83,15.1,94.31208333333333,86.2,97.0,,
2023-12-10,12.932041666666667,21.8,3.3685916666666667,0.653,7.824,12.175616666666667,7.499,16.12,95.76958333333333,88.5,97.9,,
2023-12-11,12.796208333333334,31.3,4.046695833333334,0.605,8.2,14.605875,13.51,15.56,95.09833333333333,90.7,96.7,,
2023-12-12,12.757958333333333,12.6,3.4132499999999997,0.137,7.5,12.983749999999999,12.07,13.66,93.25916666666667,84.3,96.4,,
2023-12-13,12.879958333333333,17.5,3.2337875,0.503,7.99,10.853666666666667,8.17,12.79,88.53195833333332,75.86,94.5,,
2023-12-14,13.151333333333334,1.3,0.8516416666666667,0.08,2.003,8.504412499999999,3.473,11.66,88.77679166666667,73.31,96.9,,
2023-12-15,13.086041666666667,0.1,0.6219708333333334,0.072,2.204,9.281637499999999,5.704,11.76,94.45541666666666,83.5,98.2,,
2023-12-16,13.181708333333335,0.2,0.707275,0.163,2.76,4.3705625,1.166,7.866,97.58500000000001,96.0,98.7,,
2023-12-17,13.26825,0.4,0.77185,0.149,2.044,2.1957875000000002,-0.649,7.585,97.8325,94.0,99.3,,
2023-12-18,12.948625,0.2,1.0299,0.171,3.387,2.6795708333333335,0.373,4.151,99.06416666666668,98.1,99.5,,
2023-12-19,12.840208333333333,7.8,2.2842416666666665,0.862,5.338,6.634783333333333,3.804,12.55,97.03166666666667,95.0,99.1,,
2023-12-20,13.224958333333332,2.2,1.3557958333333333,0.108,2.894,9.486416666666667,4.398,12.59,90.31158333333333,69.67,97.9,,
2023-12-21,13.08,3.4000000000000004,3.0532416666666666,0.534,6.168,11.798,9.93,13.0,94.43833333333333,86.0,97.5,,
2023-12-22,13.069291666666667,5.7,1.8440708333333333,0.478,4.319,11.354416666666667,9.46,12.42,94.40083333333334,84.4,96.7,,
2023-12-23,13.164708333333333,1.7000000000000002,1.1799624999999998,0.198,3.276,10.347791666666666,6.952,13.09,96.27541666666666,90.4,98.4,,
2023-12-24,13.158041666666666,0.8,2.1711541666666667,0.303,4.563,10.669037656903766,8.28,12.44,93.83166666666666,84.0,98.2,,
2023-12-25,12.947541666666666,0.0,2.4813375,1.307,4.02,8.5286,6.825,10.01,97.01708333333333,94.2,98.9,,
2023-12-26,12.896208333333334,0.0,2.457666666666667,1.008,4.23,7.8296624999999995,6.334,9.71,99.46374999999999,98.9,100.0,,
2023-12-27,13.196499999999999,0.0,2.6374666666666666,0.198,5.038,7.0175875,2.052,12.29,90.56329166666666,67.94,100.0,,
2023-12-28,13.042291666666667,2.3000000000000003,1.8592958333333334,0.242,3.703,9.847708333333333,8.16,12.35,92.555,88.4,95.9,,
2023-12-29,13.054208333333333,2.0,1.3944125,0.18,4.043,9.396487500000001,6.218,13.63,96.92541666666666,90.2,98.8,,
2023-12-30,13.063333333333333,0.30000000000000004,2.1237041666666667,0.577,4.231,8.243866666666667,4.873,12.21,97.49875,89.2,99.6,,
2023-12-31,13.075791666666667,10.8,4.0203,1.212,8.5,10.33,8.08,12.22,82.92220833333333,71.55,92.4,,
2024-01-01,13.134708333333332,3.4,2.8196625,0.698,5.926,10.297958333333334,8.3,13.13,89.92945833333333,79.13,95.7,,
2024-01-02,12.848958333333334,2.5,4.262529166666666,1.497,9.98,11.933041666666666,9.56,14.48,85.25708333333334,77.1,92.3,,
2024-01-03,13.139624999999999,2.3,5.267479166666666,1.438,10.58,13.036833333333334,11.39,14.87,85.25416666666666,74.43,92.0,,
2024-01-04,13.176375,1.4,1.99245,0.271,5.145,10.781458333333335,8.2,13.52,90.81508333333333,79.51,96.5,,
2024-01-05,13.208916666666665,1.2000000000000002,0.8092125,0.059,3.364,7.427458333333333,3.398,10.92,94.40291666666667,85.6,97.2,,
2024-01-06,13.247625,0.9000000000000001,0.6646416666666667,0.093,2.068,4.736483333333334,1.31,10.18,93.376,78.12,98.6,,
2024-01-07,13.235708333333333,0.30000000000000004,0.8257333333333333,0.08,2.699,3.3163583333333335,-0.08,7.52,90.646375,71.4,98.2,,
2024-01-08,12.883916666666666,0.0,1.2702291666666667,0.281,3.411,1.9903791666666666,-2.415,4.581,85.49779166666667,74.4,95.7,,
2024-01-09,13.230125,0.0,1.1338374999999998,0.33,3.329,-0.43830416666666666,-2.719,3.163,82.65420833333333,67.34,91.5,,
2024-01-10,12.908291666666667,0.0,0.9529875000000001,0.198,2.137,-0.3467958333333333,-1.364,0.238,89.88625,84.0,95.5,,
2024-01-11,12.868500000000001,0.8,0.7396583333333333,0.174,1.636,1.3419958333333333,-0.779,4.313,95.07708333333333,90.4,97.3,,
2024-01-12,13.197666666666667,0.1,1.2513,0.132,3.417,0.3284916666666666,-1.782,4.238,90.62566666666666,77.13,96.7,,
2024-01-13,13.026625,0.1,2.328275,0.183,4.508,-0.28541666666666665,-2.271,1.178,98.13458333333332,95.8,99.3,,
2024-01-14,13.130625,0.0,0.6868375,0.135,2.296,4.1856333333333335,0.313,9.04,95.08275,78.42,99.6,,
2024-01-15,12.950458333333334,3.7,1.3749583333333333,0.132,2.742,6.651783333333333,4.514,11.76,97.29625,96.3,97.8,,
2024-01-16,12.946958333333333,6.2,1.8141333333333334,0.352,4.674,7.8149,3.893,12.1,97.52333333333333,91.6,98.5,,
2024-01-17,12.85975,3.5,3.421675,0.898,8.69,13.819166666666666,11.34,16.59,86.26166666666667,68.74,94.8,,
2024-01-18,12.734041666666666,8.4,2.8428625000000003,0.414,11.35,6.819608333333333,0.371,14.38,92.04183333333334,79.67,95.4,,
2024-01-19,13.242375000000001,0.1,1.707875,0.644,4.179,1.0825375000000002,-1.386,5.013,82.21895833333333,57.37,92.9,,
2024-01-20,13.372041666666666,0.0,1.7242208333333333,0.333,3.768,0.46708333333333335,-3.37,5.246,84.486,60.68,95.3,,
2024-01-21,13.142166666666666,0.2,2.537991666666667,1.203,3.93,6.621854166666666,0.077,12.94,86.20708333333333,81.1,94.4,,
2024-01-22,12.980125,9.8,2.6465416666666663,0.55,7.405,10.168370833333334,7.5,13.15,89.75945833333334,70.26,97.3,,
2024-01-23,13.158208333333333,0.6000000000000001,2.0251958333333335,0.163,5.846,11.525916666666665,7.073,15.3,94.80833333333334,83.6,98.4,,
2024-01-24,12.933375000000002,0.1,1.3991,0.09,3.131,13.165541666666666,9.28,14.75,92.77041666666668,89.2,96.8,,
2024-01-25,13.176916666666667,0.2,1.3242666666666667,0.063,3.318,10.270299999999999,7.797,15.93,94.48125,80.4,98.1,,
2024-01-26,13.034958333333332,0.2,1.3115083333333333,0.156,2.815,9.852589958158996,7.894,11.66,97.61958333333334,96.7,98.4,,
2024-01-27,13.111416666666667,0.2,1.9975999999999998,0.183,4.144,9.456929166666667,6.608,12.06,96.09916666666666,89.1,97.9,,
2024-01-28,13.241416666666668,0.1,3.0761458333333334,0.606,4.738,10.3823375,6.238,15.7,87.4395,73.59,98.0,,
2024-01-29,13.213875,0.0,2.440366666666667,0.283,4.469,11.624541666666666,8.84,15.71,88.56733333333334,78.82,94.5,,
2024-01-30,13.228416666666668,0.0,1.1083874999999999,0.088,2.743,11.176725000000001,7.397,17.98,88.21262499999999,64.21,96.4,,
2024-01-31,13.249333333333334,0.1,0.8934041666666667,0.148,2.443,9.658674999999999,4.7,17.37,91.65241666666667,69.81,97.7,,
2024-02-01,12.953333333333335,0.7000000000000001,1.2300541666666667,0.161,2.695,10.72975,9.24,12.8,95.19708333333332,87.8,97.9,,
2024-02-02,12.957458333333333,0.4,0.6103416666666667,0.073,1.824,9.676816666666667,3.666,12.16,93.49833333333332,84.5,97.3,,
2024-02-03,12.938125000000001,0.2,1.0887166666666666,0.133,2.554,6.010758333333333,2.092,7.731,96.45333333333333,92.4,98.2,,
2024-02-04,12.866291666666665,0.1,1.4511666666666665,0.378,3.03,5.997804166666667,5.369,6.765,97.37666666666668,94.8,98.3,,
2024-02-05,12.811625,0.0,1.6323458333333332,0.348,3.018,5.852879166666667,4.874,6.521,95.81291666666667,94.6,97.2,,
2024-02-06,12.859916666666667,0.0,2.26945,0.953,4.238,9.146445833333333,6.196,11.63,92.57875,88.1,95.2,,
2024-02-07,13.102791666666667,7.2,3.1915416666666667,1.04,6.373,10.565141666666667,5.678,15.61,89.09141666666666,68.89,95.0,,
2024-02-08,13.071208333333335,1.0,3.4805458333333332,0.78,8.88,12.709041666666668,9.7,15.89,78.63887500000001,55.51,96.0,,
2024-02-09,13.047916666666667,1.8,2.4784041666666665,0.173,5.597,12.512916666666666,10.01,16.01,82.67229166666667,71.22,92.1,,
2024-02-10,13.237166666666667,28.7,3.677245833333333,0.687,8.35,10.560166666666667,8.93,12.75,84.54404166666667,64.06,95.2,,
2024-02-11,13.292833333333334,3.2,3.8964374999999998,0.388,7.573,10.077591666666667,6.681,12.59,80.22745833333333,63.53,93.3,,
2024-02-12,13.20183879093199,22.8,2.410012594458438,0.201,5.923,8.165360201511335,5.325,10.93,91.57380352644837,81.2,95.2,,
2024-02-13,13.259916666666667,0.4,1.5969958333333334,0.108,4.423,8.426879166666668,3.202,15.31,89.52358333333333,73.83,97.0,,
2024-02-14,13.225521739130434,0.0,1.833826086956522,0.095,3.702,12.608613043478261,6.376,19.98,82.79665217391305,61.39,94.8,171.23756589147288,33.73
2024-02-15,13.234333333333332,0.2,3.6949083333333332,1.4,5.723,14.31475,11.65,18.02,78.92204166666667,72.11,92.8,84.67500833333334,15.18
2024-02-16,13.188541666666667,1.0,1.8913375,0.096,4.556,11.949209205020919,7.266,14.62,85.83545833333332,64.79,94.7,79.9302375,14.85
2024-02-17,13.248333333333333,0.1,0.71245,0.045,2.663,8.781770833333333,2.97,15.71,84.09454166666666,51.18,96.7,142.91277083333335,28.64
2024-02-18,13.173875,0.4,1.766025,0.102,4.729,9.087216666666666,3.643,14.58,89.89558333333333,71.32,96.0,72.44744999999999,12.8
2024-02-19,13.144625,0.30000000000000004,1.0750083333333333,0.134,3.728,11.018083333333333,9.26,13.65,89.262875,76.75,96.2,59.504575,12.16
2024-02-20,13.265208333333334,0.0,0.6756125,0.078,2.81,10.0533375,5.723,13.61,87.62975,72.77,95.1,86.7029,17.59
2024-02-21,13.237666666666666,1.4000000000000001,2.6567374999999998,0.138,5.529,10.0963125,4.456,14.46,88.69645833333334,76.64,96.2,69.52193333333334,11.28
2024-02-22,13.073375,5.8,3.6741208333333333,0.643,9.91,11.380620833333333,7.507,15.5,82.447625,68.64,89.4,40.53848333333334,7.15
2024-02-23,13.084666666666667,18.7,3.879095833333333,1.14,8.39,7.711395833333333,5.255,10.89,82.98504166666666,70.2,89.8,60.592708333333334,8.62
2024-02-24,13.220833333333333,11.9,2.7492625,0.366,6.734,7.265279166666667,4.412,11.39,87.66845833333333,70.07,94.4,110.36230416666668,16.5
2024-02-25,12.878625,23.8,5.495775,0.971,10.05,10.466279166666668,7.236,13.2,91.49125000000001,83.1,95.7,20.233675,3.08
2024-02-26,13.161375,9.4,3.5315958333333333,0.323,8.97,9.656066666666668,6.328,12.4,87.68095833333334,79.03,93.2,88.90141666666666,13.0
2024-02-27,13.088708333333333,0.4,2.2284458333333332,0.392,4.259,7.205995833333334,3.262,9.63,84.68575000000001,76.71,91.6,44.56959583333333,6.91
2024-02-28,13.278166666666667,0.0,1.3160291666666666,0.105,3.528,7.460287500000001,0.133,13.0,86.61720833333334,66.87,95.3,150.39407083333333,25.21
2024-02-29,13.150833333333333,5.9,2.783504166666667,0.31,7.034,10.320229166666667,7.364,13.54,91.97416666666666,82.7,96.1,61.28732916666667,10.07
2024-03-01,12.981541666666667,31.6,4.206220833333334,0.388,8.27,9.3596,5.582,12.34,89.455,82.0,93.4,33.000683333333335,4.84
2024-03-02,12.86925,27.0,2.0904416666666665,0.198,5.334,8.1174,5.507,9.85,92.76458333333333,88.7,94.3,25.2745375,4.13
2024-03-03,13.276874999999999,0.30000000000000004,1.3126291666666667,0.137,4.707,6.91395,2.721,11.26,83.16004166666667,61.18,94.0,166.52800416666665,28.33
2024-03-04,13.324791666666666,3.4,2.4935458333333336,0.459,6.292,6.577741666666666,2.138,9.92,89.02624999999999,72.36,94.4,64.23226666666667,9.38
2024-03-05,13.280125,1.9000000000000001,3.649008333333333,0.843,8.39,9.341445833333333,7.087,12.21,79.87679166666666,67.28,92.6,142.79528333333334,20.79
2024-03-06,13.255333333333335,4.4,2.2599541666666667,0.178,4.249,9.77845,6.881,14.78,85.86329166666665,63.02,94.8,156.0499375,27.2
2024-03-07,13.301083333333334,0.0,4.427429166666667,1.596,7.833,10.488020833333334,5.745,16.19,74.72712499999999,53.42,91.6,168.19411666666667,24.59
2024-03-08,13.144125,2.4000000000000004,3.150745833333333,0.96,5.908,9.707329166666666,7.634,12.98,85.815,71.99,91.8,65.6345875,10.65
2024-03-09,13.216000000000001,4.800000000000001,3.2932625,0.248,6.659,9.48855,5.385,14.17,81.91304166666667,58.47,93.6,109.24785,17.03
2024-03-10,13.127708333333334,10.9,2.5338083333333334,0.237,5.615,6.1551583333333335,3.509,8.6,90.78125,80.0,95.4,40.901725000000006,5.98
2024-03-11,13.245333333333333,6.0,2.2288625,0.157,6.253,9.75897489539749,3.533,13.24,86.51845833333333,69.55,96.7,139.05269166666668,22.25
2024-03-12,13.288333333333332,0.0,1.7082291666666667,0.09,4.941,10.130170833333333,5.638,14.61,90.13674999999999,75.14,95.6,118.5319,21.37
2024-03-13,13.256166666666667,0.2,1.91415,0.088,4.897,11.010995833333334,6.103,18.32,85.59075,57.69,96.8,197.91478333333333,37.41
2024-03-14,13.301791666666666,0.1,1.5151791666666667,0.125,4.756,11.981766666666665,6.489,18.59,83.43791666666667,56.0,94.7,182.28689166666666,36.42
2024-03-15,13.287458333333335,0.5,2.7859458333333333,0.274,6.255,13.214374999999999,8.94,16.79,86.66441666666667,74.88,94.2,143.65043333333332,25.27
2024-03-16,13.227875000000001,0.2,1.8425208333333332,0.279,4.006,14.961583333333333,12.35,18.46,82.33324999999999,66.38,94.6,147.81872916666669,30.92
2024-03-17,13.211583333333333,1.2000000000000002,1.8295666666666668,0.242,3.909,14.656208333333332,11.8,18.72,83.26079166666666,68.55,94.1,95.91820833333333,20.24
2024-03-18,13.246875,0.4,1.3625791666666667,0.277,3.687,13.300125000000001,8.89,17.59,87.07783333333333,69.3,94.2,127.45895416666667,26.39
2024-03-19,13.271333333333333,0.0,1.3661833333333333,0.128,3.518,13.744383333333333,6.968,20.5,76.70100000000001,50.55,95.5,225.81955833333333,47.4
2024-03-20,13.228666666666667,0.0,1.6711708333333335,0.176,3.884,14.413499999999999,9.61,21.28,78.559125,64.11,93.7,195.98372916666668,41.66
2024-03-21,13.221708333333334,0.0,0.9914458333333334,0.088,3.358,14.286041666666668,9.88,21.16,87.78091666666666,66.95,95.7,174.87145833333335,39.94
2024-03-22,13.240874999999999,0.1,1.2441875,0.121,3.704,14.803500000000001,8.18,23.64,80.13929166666667,50.23,95.3,227.31287083333333,51.28
2024-03-23,13.278875,0.2,2.2517916666666666,0.146,5.246,10.7161875,5.749,13.83,72.74479166666667,53.37,91.0,192.17263749999998,32.38
2024-03-24,13.278791666666667,1.8,1.2126666666666668,0.111,3.868,9.540570833333334,3.483,14.34,84.76025,56.89,93.9,151.885725,28.1
2024-03-25,13.293583333333334,0.0,2.471325,0.113,5.458,9.478916666666667,2.709,14.87,83.49416666666666,61.27,95.4,126.249675,20.3
2024-03-26,13.215083333333332,15.0,2.103308333333333,0.287,4.766,8.257183333333334,6.443,10.68,89.43237500000001,75.4,93.7,87.51857083333333,14.38
2024-03-27,13.317083333333333,13.1,3.7180541666666667,0.602,7.154,9.492904166666667,3.912,13.99,82.76791666666666,62.08,94.1,139.49167083333333,19.9
2024-03-28,13.241791666666668,3.7,5.452279166666667,0.617,10.07,11.405375,8.15,15.5,69.74554166666667,38.85,90.1,198.67297083333332,27.96
2024-03-29,13.054541666666667,13.5,1.9537333333333333,0.352,4.99,10.446525000000001,7.752,12.87,90.30625,80.5,92.7,43.12032916666667,7.84
2024-03-30,13.311791666666666,1.2000000000000002,3.2150375,0.236,6.932,10.726741666666667,6.237,15.82,82.83795833333333,63.02,94.2,219.31304166666666,34.71
2024-03-31,13.242833333333333,4.7,2.864675,0.381,6.488,10.276304166666668,7.482,14.29,84.16225,65.06,92.4,156.08545,25.63
2024-04-01,13.284583333333334,15.6,3.8561541666666668,0.781,8.88,9.994408333333332,7.673,13.79,83.37879166666667,71.49,91.7,127.34174166666666,19.02
2024-04-02,13.254958333333333,1.0,3.6152333333333333,0.948,9.26,12.420420833333333,7.48,17.42,74.53466666666667,44.94,90.7,168.99299166666665,28.11
2024-04-03,13.279666666666666,4.7,3.979979166666667,0.39,7.747,14.1655,11.53,17.35,81.20687500000001,63.49,91.4,163.89650833333332,27.68
2024-04-04,13.237541666666667,0.0,1.8377333333333332,0.387,3.801,16.350125000000002,11.07,21.43,70.68791666666667,46.71,87.7,198.44814583333334,42.87
2024-04-05,13.22625,0.0,3.012754166666667,0.364,6.314,19.182791666666667,14.13,26.7,62.98408333333334,24.96,81.5,184.40767083333333,41.95
2024-04-06,13.198291666666668,0.0,3.6600208333333333,0.213,7.698,17.781291666666668,14.58,22.57,71.61358333333332,54.27,89.9,113.7888875,23.4
2024-04-07,13.205791666666666,4.4,1.3916375,0.176,4.986,14.532166666666665,9.36,20.87,84.69316666666667,69.53,94.2,127.83672083333333,27.84
2024-04-08,13.194416666666665,11.4,3.103025,0.246,8.53,13.451882845188285,9.61,21.01,83.500875,48.12,95.0,212.82549583333332,39.96
2024-04-09,13.326125,4.2,2.8827083333333334,0.257,6.768,10.6068,7.691,13.74,79.292625,63.26,90.8,220.12238333333335,35.52
2024-04-10,13.309625,0.4,1.2256708333333333,0.128,4.225,11.1894625,5.36,15.74,80.11345833333333,58.62,93.5,232.09073750000002,44.82
2024-04-11,13.274208333333332,0.0,0.9373916666666666,0.101,2.42,13.223958333333334,8.32,19.14,84.34445833333332,68.24,93.8,190.89407916666667,41.83
2024-04-12,13.197770897832818,0.0,1.003891640866873,0.13,2.79,14.57658823529412,7.403,24.47,80.99455108359133,45.79,95.4,243.49914860681116,56.37
2024-04-13,13.218,0.0,0.7765500000000001,0.098,2.557,18.113333333333333,8.49,28.31,72.00395833333333,40.46,93.8,296.80015416666663,74.36
2024-04-14,13.232291666666667,0.0,1.0806541666666667,0.153,3.507,17.028541666666666,8.57,26.57,74.726125,45.26,93.8,295.42111666666665,70.43
2024-04-15,13.282166666666665,0.7000000000000001,3.1032958333333336,0.986,6.14,12.998,10.93,14.61,81.10633333333334,64.62,92.2,175.40791666666667,29.91
2024-04-16,13.301791666666666,0.05,1.6765,0.426,4.788,11.31775,8.77,14.03,74.85466666666666,57.91,89.0,149.6380375,28.4
2024-04-17,13.3315,0.0,1.6773916666666666,0.142,4.295,11.346575,7.112,14.74,72.75129166666667,53.13,88.8,271.14436666666666,50.19
2024-04-18,13.323541666666667,0.0,1.0435583333333334,0.098,3.393,10.229070833333333,3.556,16.27,69.88858333333333,38.06,89.6,242.67662083333335,47.3
2024-04-19,13.299208333333333,0.0,0.9630083333333334,0.103,2.512,10.0772625,0.894,18.9,68.18591666666667,32.4,94.2,318.1271541666667,62.53
2024-04-20,13.320333333333334,0.0,1.7400083333333332,0.054,5.078,11.001408333333334,4.531,16.67,66.84945833333333,39.49,94.4,320.8918458333334,58.5
2024-04-21,13.345166666666668,0.0,1.8156791666666665,0.284,4.766,9.232654166666666,3.849,14.71,64.28775,45.72,81.7,305.5171291666667,52.81
2024-04-22,13.35075,0.0,1.2727375,0.088,3.246,7.978833333333333,0.68,14.43,66.26625,39.83,91.8,228.26803333333334,40.03
2024-04-23,13.3245,0.0,1.1434791666666666,0.098,3.368,8.966083333333334,3.342,14.7,64.47266666666667,34.4,89.1,265.16452499999997,49.54
2024-04-24,13.289625000000001,1.1,1.1696583333333335,0.052,4.753,9.701224999999999,3.19,14.93,83.42379166666666,64.43,90.6,156.17877916666666,29.11
2024-04-25,13.329666666666666,4.45,1.6887791666666667,0.223,4.666,11.536708333333333,9.74,14.14,85.70666666666666,70.57,93.7,143.82240833333333,27.5
2024-04-26,13.330208333333333,1.4000000000000001,2.2275208333333336,0.179,5.897,12.479916666666666,9.78,16.49,84.23516666666666,65.18,94.1,227.7598625,42.5
2024-04-27,13.297166666666667,3.4,3.6416666666666666,0.578,7.271,12.358666666666666,9.93,17.0,85.20695833333333,68.53,92.3,136.17962500000002,22.92
2024-04-28,13.33675,0.4,2.4704375,0.178,6.108,11.656483333333334,6.346,16.33,80.73058333333333,62.26,93.0,295.48054583333334,50.58
2024-04-29,13.329166666666667,0.0,0.8682625,0.156,2.433,11.64405,4.337,17.58,81.06862500000001,58.27,94.6,216.74785,44.39
2024-04-30,13.297041666666667,0.0,1.5555791666666667,0.072,4.522,14.111925000000001,5.101,21.17,74.37516666666667,47.28,94.8,282.4277666666667,57.0
2024-05-01,13.239791666666667,5.8500000000000005,1.04045,0.212,2.388,10.507583333333335,8.77,12.68,89.87229166666665,79.54,92.8,56.77417083333333,11.4
2024-05-02,13.3515,0.4,2.9934749999999997,0.138,7.293,11.723058333333334,7.039,15.68,79.62970833333334,63.53,92.9,273.53986249999997,44.46
2024-05-03,13.313041666666667,3.9000000000000004,2.6136291666666667,0.218,6.001,11.231041666666666,6.619,14.57,86.21225,70.3,93.7,161.2380125,26.71
2024-05-04,13.290375000000001,5.15,2.8860125,0.468,5.627,14.238166666666666,10.27,17.02,89.76625,82.8,93.7,108.49764583333334,19.38
2024-05-05,13.262708333333334,0.30000000000000004,2.592041666666667,0.485,8.62,14.991333333333333,11.73,20.73,87.06104166666667,64.24,94.6,161.95552916666665,32.46
2024-05-06,13.352166666666667,1.65,3.8764166666666666,0.724,8.24,13.130041666666667,10.62,16.33,83.80879166666666,70.16,91.4,210.39389166666666,34.06
2024-05-07,13.3105,1.0,2.0606416666666667,0.118,4.513,13.893374999999999,9.92,18.1,84.93733333333333,73.02,93.6,202.44287500000002,39.43
2024-05-08,13.276916666666667,0.05,1.1371624999999999,0.049,2.924,15.603029166666666,7.371,22.95,76.29299999999999,51.62,96.0,298.8352291666667,66.54
2024-05-09,13.288458333333333,0.0,1.8839458333333332,0.328,4.988,16.888995833333333,7.858,23.58,69.515625,44.69,93.0,349.82173750000004,73.31
2024-05-10,13.257458333333334,0.0,2.0458291666666666,0.222,5.337,19.267708333333335,9.75,27.18,62.96058333333334,24.46,91.8,351.23386666666664,78.82
2024-05-11,13.235208333333333,0.0,2.312879166666667,0.129,6.048,20.16425,11.56,28.78,65.78408333333333,32.47,90.2,339.9692333333333,77.8
2024-05-12,13.210833333333333,0.9,2.2135375,0.553,5.288,15.494625000000001,13.93,16.63,89.32291666666667,84.1,93.3,62.292125000000006,12.62
2024-05-13,13.281458333333335,2.95,2.4534916666666664,0.824,4.808,16.668416666666666,13.15,24.29,79.4665,52.35,91.3,255.78604583333333,55.42
2024-05-14,13.322416666666667,2.5,3.4623208333333335,1.053,7.63,14.152791666666667,11.96,16.81,84.81083333333332,73.99,92.2,225.02605416666665,38.71
2024-05-15,13.343916666666667,2.5,2.980841666666667,0.54,7.265,12.750041666666668,10.08,15.9,85.08429166666666,71.74,91.7,201.04835833333334,34.66
2024-05-16,13.335875,0.5,2.7377333333333334,0.222,7.393,12.739208333333332,8.51,17.3,82.33933333333333,61.74,93.3,231.55399583333335,40.91
2024-05-17,13.247041666666666,5.75,1.0417833333333333,0.146,3.617,13.202916666666665,9.46,19.05,83.44333333333334,58.13,92.4,216.924925,47.69
2024-05-18,13.312875,0.15000000000000002,1.4902833333333334,0.193,4.315,14.266375,8.82,19.2,81.58404166666666,60.93,94.5,284.10900416666664,58.8
2024-05-19,13.310125,0.0,1.1706208333333334,0.073,4.134,14.836041666666667,8.79,19.62,83.03425,64.35,94.8,217.907175,47.08
2024-05-20,13.283916666666666,12.6,2.4878625,0.15,6.505,14.101666666666667,12.82,16.12,90.91499999999999,84.3,93.6,111.10472499999999,21.07
2024-05-21,13.232166666666666,7.55,4.762295833333334,1.793,7.968,15.033208333333333,13.75,17.32,84.336625,74.96,92.6,147.456875,24.07
2024-05-22,13.341791666666667,1.9500000000000002,2.5490958333333333,0.352,5.532,14.963291666666667,12.38,17.71,83.753125,68.83,91.5,243.3268625,46.56
2024-05-23,13.368083333333335,2.0,1.9597333333333333,0.148,5.523,13.827708333333334,10.09,17.65,86.432125,75.85,94.0,214.71267500000002,41.97
2024-05-24,13.3195,0.05,1.0135291666666666,0.117,2.695,14.422333333333334,8.12,20.42,78.94733333333333,59.52,94.0,260.62278333333336,57.4
2024-05-25,13.274916666666666,0.0,2.2224583333333334,0.148,4.837,17.816291666666665,10.79,24.56,72.58262500000001,45.26,92.8,258.485025,55.8
2024-05-26,13.308875,0.0,2.7485666666666666,0.15,5.363,16.2455,11.16,19.03,78.53929166666667,65.51,91.0,226.36280833333333,42.8
2024-05-27,13.323333333333332,0.0,1.7359291666666665,0.132,5.253,14.14142259414226,9.8,18.81,78.06129166666666,54.81,94.0,270.46646666666663,55.13
2024-05-28,13.336916666666667,0.0,1.4625458333333334,0.07,4.384,14.809750000000001,9.32,19.44,76.566875,50.48,92.7,257.7697416666667,54.34
2024-05-29,13.308291666666666,1.4500000000000002,2.856508333333333,0.103,5.131,15.340499999999999,10.69,17.53,89.95408333333333,79.78,93.7,84.32817083333333,15.54
2024-05-30,13.323791666666667,1.25,2.0804291666666668,0.373,4.43,15.812416666666667,12.36,18.78,82.16383333333333,65.84,94.4,244.51333333333332,49.74
2024-05-31,13.319541666666668,0.0,1.2045208333333333,0.204,4.265,15.479666666666667,8.62,20.6,77.48683333333334,56.83,94.1,303.0893,65.86
2024-06-01,13.324874999999999,0.0,1.1457916666666668,0.175,2.908,15.926791666666666,9.25,21.52,77.03066666666668,57.69,92.6,216.93462916666667,48.63
2024-06-02,13.274666666666667,0.0,1.0215166666666666,0.242,2.339,15.11825,9.96,18.58,81.80625,71.81,92.3,124.15371666666667,27.44
2024-06-03,13.296208333333334,0.0,1.1103458333333334,0.19,3.578,16.830916666666667,10.05,23.74,74.70066666666666,48.13,93.2,323.61195000000004,75.44
2024-06-04,13.278958333333332,0.0,1.1087791666666669,0.098,5.19,17.31566666666667,8.75,24.65,71.19825,43.41,93.7,350.75797916666664,81.45
2024-06-05,13.276083333333334,0.0,0.8867125,0.097,2.33,17.35129166666667,8.71,25.2,73.06925,43.25,94.2,360.14762499999995,86.07
2024-06-06,13.269333333333332,1.4,0.8440416666666667,0.203,2.503,17.189916666666665,11.38,24.2,80.84087500000001,49.02,93.9,249.87557916666668,61.24
2024-06-07,13.2865,0.0,0.949375,0.118,2.921,19.304333333333332,12.87,25.71,73.42791666666668,48.49,92.0,222.19759583333334,55.83
2024-06-08,13.236541666666666,0.2,1.0957166666666667,0.131,2.6,20.287791666666667,16.23,26.49,78.27058333333333,60.37,90.2,256.57665416666663,66.06
2024-06-09,13.276833333333334,0.0,1.5499041666666666,0.304,3.637,18.25475,12.54,23.64,73.43491666666667,55.77,89.8,336.88783750000005,77.22
2024-06-10,13.287374999999999,0.0,1.406375,0.118,4.041,15.823,9.75,20.3,77.07716666666667,56.84,92.5,344.5318291666666,73.95
2024-06-11,13.304833333333333,1.2000000000000002,1.110225,0.219,3.115,16.167875,13.04,21.39,77.693,49.2,93.3,243.935425,57.39
2024-06-12,13.312458333333334,0.0,1.1551333333333331,0.096,3.314,16.041833333333333,9.86,21.44,66.27579166666666,35.15,90.8,352.3681291666666,79.35
2024-06-13,13.283791666666668,2.0,2.0336458333333334,0.049,5.483,15.994741666666666,7.874,22.54,73.34741666666667,34.53,93.6,291.555975,59.86
2024-06-14,13.231625000000001,14.0,3.1221916666666667,1.777,5.033,16.177666666666667,13.68,18.81,91.55458333333333,82.3,94.2,89.35482083333333,17.08
2024-06-15,13.350875,0.05,3.0598666666666667,0.771,6.353,15.868875000000001,13.5,18.55,79.229,65.46,89.1,233.01149583333333,44.05
2024-06-16,13.259666666666668,1.05,3.0378041666666666,0.788,6.428,17.145208333333336,14.17,20.47,87.46920833333334,75.37,92.9,162.5807,32.05
2024-06-17,13.283375000000001,1.4000000000000001,1.9560333333333333,0.524,5.302,20.935020920502094,15.86,26.14,78.51849999999999,60.18,93.7,291.62829166666666,69.1
2024-06-18,13.261625,3.5500000000000003,1.320025,0.222,3.752,20.434250000000002,16.87,25.24,83.72970833333333,72.96,92.5,203.59887500000002,50.98
2024-06-19,13.288499999999999,0.1,1.8407125,0.092,4.113,18.923291666666668,15.15,22.81,84.39954166666666,70.96,94.0,307.34468333333336,69.72
2024-06-20,13.324333333333334,0.0,1.2682208333333334,0.208,3.597,17.645708333333335,14.25,21.4,84.22429166666667,69.63,94.0,168.7529,39.59
2024-06-21,13.314041666666666,0.0,2.3745625,0.288,5.621,17.737624999999998,15.4,21.01,84.07766666666666,72.99,93.7,195.93176666666668,41.74
2024-06-22,13.275458333333335,2.7,2.2504333333333335,0.768,4.234,16.348375,14.57,17.98,86.86629166666667,78.79,92.5,75.82417083333333,15.79
2024-06-23,13.288583333333333,0.0,1.2621833333333332,0.165,3.185,17.606749999999998,14.18,22.9,83.92883333333333,65.81,93.3,198.14467916666666,47.3
2024-06-24,13.266124999999999,0.05,1.1549458333333333,0.108,3.168,20.236083333333333,11.93,28.01,72.92720833333333,44.25,95.1,371.3220625,92.44
2024-06-25,13.235833333333334,0.0,1.1388041666666666,0.151,4.219,23.380583333333334,14.65,29.97,71.71608333333333,45.21,93.4,354.29215416666665,92.69
2024-06-26,13.222708333333333,0.0,0.9703916666666667,0.072,3.484,24.761458333333334,15.95,31.62,70.84304166666668,44.4,93.7,363.0441333333334,98.97
2024-06-27,13.226750000000001,0.0,1.03435,0.138,3.412,22.466708333333333,17.78,28.63,77.84695833333333,57.36,90.8,242.53439583333332,65.14
2024-06-28,13.256458333333335,0.0,0.9697666666666667,0.162,2.178,21.7465,16.53,27.65,76.14937499999999,52.36,92.3,256.6575875,67.89
2024-06-29,13.161791666666666,3.5500000000000003,1.7234833333333335,0.28,4.693,17.590416666666666,15.24,20.7,86.65220833333333,69.48,91.8,66.0525375,15.34
2024-06-30,13.290083333333333,0.0,1.4972291666666666,0.123,3.684,17.725708333333333,13.07,21.85,80.26179166666667,61.69,92.9,313.92376249999995,71.07
2024-07-01,13.309833333333334,0.0,1.2518333333333334,0.117,3.048,16.532625,12.49,21.68,82.42854166666666,68.51,93.9,176.02849999999998,40.65
2024-07-02,13.294625,0.0,1.565675,0.096,4.199,16.803625,12.34,20.52,82.22875,64.2,93.2,210.64532499999999,46.33
2024-07-03,13.313708333333333,0.05,2.3962833333333333,0.133,5.658,17.56608333333333,13.52,20.91,79.59666666666666,62.9,91.8,248.64357916666668,51.58
2024-07-04,13.296208333333334,2.5,1.5943749999999999,0.058,3.813,17.846708333333332,11.76,21.2,83.92562500000001,65.21,94.0,268.3367958333333,58.72
2024-07-05,13.296249999999999,0.0,1.0534124999999999,0.032,2.441,17.723583333333334,9.83,25.77,78.35983333333334,46.09,94.3,347.87883750000003,83.34
2024-07-06,13.305416666666668,0.55,1.2647916666666668,0.11,4.034,16.953458333333334,10.74,20.16,78.95341666666667,57.58,91.2,199.63147083333334,44.3
2024-07-07,13.308166666666667,0.0,1.3204041666666666,0.11,3.713,15.618958333333333,8.32,21.61,73.926,45.07,93.5,313.105775,68.05
2024-07-08,13.259166666666665,0.0,1.4568416666666666,0.152,3.525,20.891916666666667,12.62,29.07,67.69375,45.42,89.7,356.50370833333335,88.17
2024-07-09,13.252875,0.75,1.5545499999999999,0.233,3.56,20.328791666666667,17.08,25.32,82.72554166666667,69.47,92.5,186.38800833333335,46.0
2024-07-10,13.231666666666666,0.05,0.8398,0.107,1.78,20.524166666666666,16.71,26.44,84.0775,66.34,94.0,194.68552083333333,51.52
2024-07-11,13.207083333333333,5.8,1.4491083333333334,0.113,4.23,21.109666666666666,17.8,27.94,85.74716666666667,65.76,93.6,239.11022083333333,61.53
2024-07-12,13.275541666666667,1.3,1.7225291666666667,0.1,4.077,17.751041666666666,11.79,20.81,79.2765,58.56,92.3,313.3688708333333,67.4
2024-07-13,13.307541666666667,0.0,0.8524166666666667,0.142,1.997,16.716208333333334,11.1,23.58,75.51433333333333,48.04,93.6,286.57947916666666,69.37
2024-07-14,13.212958333333335,0.65,1.0536874999999999,0.113,3.273,18.714791666666667,11.91,25.36,78.76304166666667,56.16,92.0,256.6117541666666,62.7
2024-07-15,13.109578947368423,0.4,1.444978947368421,0.235,3.727,18.471052631578946,16.11,22.13,88.32,81.7,92.4,88.64930526315788,21.18
